item_idx,avg_rating,review_count
0,3.5,2
1,5.0,3
2,2.25,4
3,3.0,3
4,3.14,7
5,4.25,4
6,1.67,3
7,5.0,5
8,4.0,5
9,2.67,3
10,2.67,3
11,3.0,2
12,1.67,3
13,2.0,2
14,3.0,2
15,1.8,5
16,3.34,35
17,4.5,2
18,5.0,2
19,3.07,14
20,2.96,48
21,5.0,3
22,5.0,2
23,4.4,30
24,4.5,2
25,5.0,2
26,4.22,9
27,4.8,10
28,3.25,4
29,2.93,14
30,3.5,4
31,4.08,49
32,4.23,13
33,3.73,11
34,3.5,4
35,3.73,11
36,1.33,3
37,4.67,3
38,3.25,4
39,4.0,4
40,4.53,17
41,4.0,4
42,4.0,2
43,4.2,5
44,3.0,2
45,5.0,2
46,3.67,3
47,3.5,2
48,3.0,3
49,5.0,3
50,2.8,10
51,2.0,4
52,3.2,5
53,4.5,4
54,2.33,3
55,4.25,4
56,4.29,7
57,4.5,2
58,4.0,3
59,4.85,26
60,5.0,4
61,4.0,2
62,3.0,2
63,2.57,30
64,4.0,5
65,4.0,3
66,4.0,5
67,2.25,4
68,3.33,3
69,3.56,16
70,3.92,26
71,2.71,28
72,1.5,2
73,4.04,108
74,5.0,2
75,4.0,3
76,3.75,4
77,4.0,2
78,4.56,18
79,3.4,5
80,2.07,15
81,3.67,12
82,2.25,4
83,4.67,6
84,4.14,7
85,3.39,33
86,3.25,4
87,4.67,3
88,2.67,3
89,2.89,9
90,5.0,4
91,4.25,8
92,4.0,4
93,4.6,5
94,3.6,10
95,4.5,8
96,4.0,6
97,3.89,9
98,2.5,2
99,4.5,2
100,3.67,3
101,3.6,5
102,4.6,10
103,4.67,3
104,4.46,28
105,3.6,5
106,4.5,2
107,3.46,82
108,3.45,11
109,2.33,3
110,3.05,44
111,4.67,3
112,4.5,8
113,3.87,163
114,3.0,5
115,2.75,4
116,1.33,3
117,4.0,2
118,5.0,2
119,2.4,5
120,3.06,16
121,1.43,7
122,4.2,5
123,3.0,2
124,3.25,4
125,5.0,3
126,3.33,3
127,3.0,2
128,2.5,2
129,2.86,7
130,3.64,36
131,4.5,2
132,1.5,2
133,3.25,4
134,4.17,29
135,3.67,3
136,4.86,7
137,4.33,3
138,4.71,7
139,4.75,12
140,4.25,4
141,2.6,5
142,2.5,2
143,3.11,9
144,3.5,6
145,3.5,4
146,4.0,3
147,4.0,4
148,4.39,148
149,4.4,10
150,5.0,2
151,3.0,2
152,3.25,4
153,5.0,2
154,2.23,13
155,4.6,5
156,4.5,2
157,3.0,3
158,2.17,6
159,4.7,10
160,2.67,6
161,4.5,2
162,3.0,2
163,4.5,2
164,3.67,3
165,2.6,5
166,3.0,2
167,4.32,31
168,2.67,9
169,4.33,6
170,3.2,5
171,4.37,94
172,4.0,4
173,4.86,7
174,4.29,7
175,5.0,3
176,4.5,2
177,2.83,6
178,2.83,6
179,2.0,3
180,4.5,2
181,4.5,2
182,2.67,3
183,2.5,2
184,2.88,26
185,4.5,4
186,4.0,2
187,3.39,33
188,2.5,2
189,3.0,2
190,2.57,7
191,3.41,44
192,2.0,2
193,3.83,6
194,3.67,6
195,1.0,13
196,1.6,5
197,3.64,70
198,1.89,9
199,5.0,2
200,2.5,2
201,3.5,2
202,2.8,15
203,2.0,2
204,5.0,2
205,2.43,7
206,2.5,4
207,3.17,35
208,4.0,2
209,5.0,2
210,2.0,5
211,3.24,21
212,2.0,2
213,4.11,9
214,3.5,2
215,3.74,39
216,2.64,11
217,3.5,62
218,3.8,15
219,3.0,2
220,4.55,11
221,3.76,17
222,4.27,158
223,4.93,15
224,3.97,34
225,1.33,3
226,1.67,3
227,5.0,2
228,5.0,2
229,4.0,2
230,4.2,202
231,4.82,11
232,2.0,2
233,2.0,2
234,5.0,2
235,3.33,12
236,2.33,3
237,2.0,6
238,2.0,2
239,5.0,3
240,2.67,3
241,4.0,5
242,5.0,2
243,3.84,45
244,4.48,54
245,2.0,3
246,4.0,5
247,2.0,4
248,5.0,2
249,3.33,3
250,3.69,35
251,3.67,3
252,3.5,40
253,3.8,5
254,4.4,10
255,4.5,2
256,2.71,7
257,2.0,2
258,4.33,3
259,3.4,5
260,1.0,2
261,4.0,3
262,4.67,3
263,2.8,5
264,3.5,4
265,3.71,264
266,4.5,6
267,4.14,7
268,2.5,2
269,3.75,4
270,3.17,6
271,3.84,32
272,4.0,8
273,4.0,2
274,5.0,6
275,3.67,3
276,3.77,57
277,2.5,2
278,4.23,13
279,4.33,3
280,1.6,5
281,1.5,2
282,4.27,33
283,5.0,2
284,4.0,10
285,5.0,2
286,3.0,2
287,2.33,3
288,3.05,20
289,3.82,131
290,4.1,10
291,3.0,2
292,2.5,4
293,4.12,24
294,4.11,47
295,4.33,6
296,2.5,2
297,3.0,2
298,3.0,2
299,2.75,4
300,4.62,8
301,2.6,15
302,4.25,24
303,3.67,3
304,5.0,3
305,3.25,4
306,2.5,2
307,4.1,21
308,4.04,25
309,1.0,3
310,4.0,2
311,3.2,5
312,4.67,3
313,3.75,4
314,4.86,7
315,4.0,3
316,4.5,2
317,3.75,8
318,3.35,74
319,4.33,3
320,4.0,5
321,3.0,11
322,4.14,29
323,4.5,2
324,3.54,13
325,4.25,4
326,2.59,17
327,4.67,3
328,1.67,3
329,1.82,11
330,4.3,23
331,2.0,3
332,4.14,7
333,2.14,7
334,4.5,4
335,3.25,20
336,3.21,34
337,4.5,2
338,3.17,6
339,4.25,8
340,3.53,34
341,2.2,5
342,1.4,5
343,5.0,2
344,5.0,2
345,2.4,5
346,1.0,2
347,1.92,12
348,4.0,4
349,4.0,8
350,3.33,3
351,4.67,3
352,4.5,8
353,5.0,2
354,2.2,5
355,4.5,4
356,4.14,14
357,2.65,69
358,3.22,9
359,3.0,4
360,4.75,8
361,3.14,22
362,3.4,5
363,5.0,2
364,3.05,38
365,2.83,6
366,3.3,53
367,5.0,2
368,4.61,36
369,1.75,4
370,2.25,4
371,4.0,4
372,5.0,2
373,3.5,2
374,4.67,52
375,1.0,2
376,4.0,3
377,3.0,6
378,3.0,3
379,5.0,3
380,5.0,2
381,4.5,2
382,4.67,3
383,2.62,8
384,4.5,4
385,4.2,20
386,4.33,3
387,1.0,2
388,3.5,2
389,3.0,2
390,3.17,6
391,4.5,2
392,3.62,8
393,4.0,2
394,1.0,3
395,4.5,4
396,3.48,52
397,3.5,2
398,3.33,3
399,4.25,4
400,1.0,3
401,3.0,2
402,2.33,3
403,5.0,2
404,3.54,13
405,3.75,4
406,3.0,4
407,4.75,4
408,4.0,2
409,3.0,3
410,3.89,44
411,2.25,4
412,2.9,10
413,2.5,2
414,2.33,3
415,4.0,2
416,4.75,4
417,4.33,6
418,2.25,4
419,3.33,3
420,4.33,3
421,3.75,4
422,3.79,19
423,4.0,2
424,3.6,5
425,4.27,11
426,2.33,6
427,2.41,22
428,3.57,7
429,2.25,4
430,3.0,2
431,2.75,8
432,4.38,8
433,4.0,3
434,4.27,15
435,3.0,2
436,3.0,2
437,3.33,3
438,2.5,2
439,3.94,18
440,4.8,5
441,2.67,3
442,1.0,2
443,1.0,2
444,4.5,10
445,2.69,13
446,3.75,4
447,1.5,2
448,3.2,5
449,3.0,2
450,3.0,4
451,3.0,2
452,3.0,2
453,3.88,8
454,3.0,3
455,5.0,3
456,3.75,8
457,2.67,6
458,4.14,21
459,3.4,5
460,2.17,6
461,3.89,9
462,4.67,3
463,2.0,4
464,4.5,2
465,4.75,4
466,1.5,2
467,4.25,40
468,2.0,4
469,4.0,3
470,4.5,2
471,3.75,4
472,2.33,3
473,4.0,6
474,4.2,5
475,3.67,3
476,3.33,12
477,2.67,3
478,3.5,6
479,4.67,3
480,1.0,2
481,5.0,4
482,3.67,3
483,4.43,7
484,4.73,11
485,3.13,75
486,3.75,8
487,4.58,12
488,3.66,29
489,4.33,3
490,4.0,2
491,3.0,6
492,4.0,4
493,3.76,17
494,4.0,7
495,4.33,3
496,5.0,2
497,1.83,6
498,3.5,2
499,3.67,6
500,3.5,2
501,1.78,9
502,3.43,7
503,3.5,16
504,1.5,2
505,4.0,10
506,2.67,3
507,3.6,5
508,4.0,2
509,3.25,4
510,3.0,2
511,4.5,2
512,5.0,2
513,2.67,3
514,3.0,3
515,2.0,2
516,4.67,3
517,5.0,2
518,3.5,2
519,3.64,39
520,3.75,4
521,3.8,5
522,1.45,11
523,2.67,3
524,4.6,43
525,4.08,37
526,2.6,5
527,3.33,3
528,4.0,2
529,4.17,237
530,3.0,2
531,4.25,4
532,4.0,2
533,4.29,7
534,4.8,5
535,3.88,16
536,3.0,4
537,3.42,38
538,3.72,39
539,3.29,14
540,4.5,2
541,3.7,108
542,3.78,9
543,3.12,8
544,4.5,2
545,3.62,13
546,4.0,4
547,5.0,2
548,4.33,3
549,3.0,4
550,4.0,2
551,1.0,2
552,4.8,10
553,4.0,3
554,4.5,2
555,4.14,14
556,3.67,3
557,3.85,13
558,4.12,8
559,5.0,6
560,3.5,2
561,4.75,4
562,3.78,40
563,4.41,56
564,4.33,3
565,3.71,31
566,4.0,8
567,4.33,6
568,4.0,3
569,1.75,4
570,4.0,3
571,3.0,2
572,4.67,3
573,3.0,3
574,5.0,3
575,3.0,5
576,3.57,7
577,4.0,6
578,3.0,8
579,4.25,4
580,4.0,2
581,3.25,4
582,4.5,2
583,3.5,2
584,5.0,2
585,3.0,2
586,4.17,6
587,2.5,2
588,5.0,3
589,2.0,3
590,5.0,3
591,4.5,6
592,3.0,2
593,4.5,4
594,5.0,2
595,3.67,3
596,2.25,4
597,5.0,2
598,1.0,2
599,4.5,2
600,2.33,3
601,4.58,85
602,2.74,68
603,2.44,9
604,5.0,7
605,3.37,41
606,3.32,19
607,4.5,2
608,3.96,46
609,3.5,38
610,4.4,5
611,2.75,4
612,3.0,2
613,4.67,12
614,5.0,2
615,3.33,3
616,3.75,4
617,4.11,71
618,4.61,88
619,3.91,35
620,3.5,2
621,4.0,2
622,2.33,3
623,2.2,5
624,3.88,8
625,3.57,30
626,4.0,4
627,3.0,4
628,3.47,17
629,5.0,3
630,3.0,3
631,4.25,55
632,2.04,26
633,3.5,8
634,5.0,2
635,2.26,61
636,2.0,2
637,2.0,4
638,3.0,2
639,2.86,7
640,4.0,2
641,4.5,2
642,2.75,4
643,4.23,188
644,4.09,11
645,2.96,26
646,4.5,8
647,2.5,2
648,5.0,4
649,4.0,4
650,2.0,2
651,5.0,2
652,3.8,5
653,2.33,3
654,3.91,43
655,3.56,16
656,4.33,12
657,1.0,2
658,3.0,2
659,3.33,3
660,2.09,11
661,4.2,15
662,4.43,7
663,3.57,7
664,1.62,13
665,3.28,47
666,3.5,4
667,3.7,37
668,3.61,89
669,3.57,7
670,4.25,8
671,5.0,2
672,4.25,4
673,2.67,3
674,2.0,3
675,5.0,2
676,3.29,14
677,2.0,7
678,3.79,29
679,3.33,3
680,4.0,6
681,3.67,3
682,1.8,5
683,3.5,4
684,3.2,15
685,4.85,13
686,2.83,6
687,3.2,5
688,3.19,16
689,3.57,23
690,2.17,6
691,4.36,11
692,3.0,2
693,3.82,11
694,3.44,9
695,4.67,6
696,5.0,2
697,3.12,8
698,3.5,2
699,4.67,3
700,2.4,5
701,5.0,2
702,5.0,3
703,3.12,8
704,5.0,3
705,3.36,28
706,4.5,6
707,3.58,12
708,3.08,12
709,2.42,12
710,5.0,4
711,1.5,2
712,4.5,2
713,3.5,2
714,3.2,5
715,4.71,7
716,3.89,37
717,4.0,2
718,3.38,16
719,3.62,24
720,5.0,3
721,3.65,26
722,3.92,12
723,5.0,2
724,4.33,3
725,3.67,3
726,3.0,2
727,2.67,6
728,4.67,3
729,4.44,9
730,5.0,3
731,4.0,4
732,2.0,2
733,4.0,5
734,3.67,3
735,2.97,30
736,3.67,6
737,4.43,7
738,4.86,7
739,3.0,2
740,3.33,52
741,3.0,2
742,3.0,3
743,2.5,4
744,3.53,43
745,5.0,2
746,2.7,20
747,5.0,2
748,5.0,3
749,3.5,4
750,3.67,3
751,3.0,14
752,3.95,20
753,3.42,26
754,3.33,3
755,2.71,7
756,4.2,10
757,4.52,31
758,3.0,5
759,2.78,27
760,2.25,4
761,5.0,2
762,2.8,5
763,5.0,2
764,4.58,24
765,3.0,5
766,3.25,8
767,5.0,2
768,4.67,3
769,3.0,7
770,4.5,2
771,1.33,3
772,5.0,3
773,4.44,61
774,5.0,3
775,4.5,2
776,4.25,4
777,1.6,5
778,4.67,9
779,3.43,14
780,1.0,2
781,4.67,3
782,3.93,14
783,4.0,7
784,5.0,2
785,4.5,4
786,3.4,5
787,4.17,6
788,3.5,2
789,4.05,38
790,2.71,66
791,4.2,5
792,4.44,9
793,4.64,28
794,3.0,2
795,2.0,3
796,4.25,4
797,2.5,2
798,3.33,3
799,2.0,2
800,3.6,5
801,2.0,2
802,1.67,3
803,4.67,3
804,3.2,5
805,4.24,72
806,3.67,6
807,3.8,10
808,1.67,6
809,4.0,3
810,1.51,37
811,3.9,10
812,4.0,2
813,2.0,3
814,4.0,3
815,5.0,2
816,4.22,9
817,3.5,2
818,3.68,19
819,4.0,2
820,3.67,6
821,5.0,2
822,2.65,84
823,5.0,2
824,3.71,7
825,4.58,12
826,4.67,3
827,2.5,2
828,4.0,2
829,4.5,2
830,4.2,5
831,3.25,8
832,4.5,8
833,1.87,15
834,3.5,2
835,3.0,2
836,4.08,96
837,2.5,4
838,4.0,2
839,2.0,2
840,3.0,2
841,3.0,4
842,4.0,2
843,3.65,376
844,3.5,4
845,4.0,5
846,3.0,2
847,3.6,5
848,4.4,5
849,4.25,4
850,4.0,3
851,4.5,2
852,4.25,16
853,4.0,2
854,2.86,7
855,5.0,2
856,1.0,2
857,2.91,22
858,3.0,2
859,5.0,2
860,2.6,5
861,3.62,84
862,3.0,2
863,4.0,5
864,1.0,2
865,4.33,3
866,4.0,2
867,2.79,70
868,3.5,2
869,3.0,4
870,4.33,6
871,2.75,8
872,2.0,3
873,3.75,4
874,4.0,2
875,3.37,78
876,2.33,3
877,4.48,31
878,4.5,2
879,3.67,3
880,1.0,2
881,2.67,6
882,1.5,2
883,4.4,15
884,4.71,7
885,4.17,12
886,4.06,18
887,4.33,3
888,4.31,13
889,3.0,2
890,4.18,11
891,3.67,3
892,4.5,2
893,2.25,4
894,4.0,27
895,3.0,3
896,3.26,23
897,1.0,2
898,2.75,4
899,4.75,4
900,2.75,4
901,3.8,5
902,3.0,5
903,3.71,7
904,4.33,9
905,5.0,2
906,4.0,3
907,2.5,2
908,2.67,6
909,3.94,16
910,3.0,4
911,5.0,2
912,3.2,102
913,3.91,100
914,3.29,7
915,3.75,56
916,3.0,2
917,4.83,12
918,4.0,7
919,4.33,6
920,3.56,27
921,3.88,8
922,3.5,4
923,2.9,10
924,4.0,5
925,4.2,5
926,4.0,2
927,2.64,11
928,4.63,35
929,3.67,3
930,3.0,2
931,4.67,15
932,3.7,27
933,2.9,21
934,2.4,5
935,1.75,4
936,3.83,6
937,3.26,19
938,4.67,3
939,5.0,2
940,1.83,12
941,2.5,4
942,3.24,41
943,3.14,7
944,3.0,5
945,3.0,2
946,5.0,2
947,4.5,6
948,4.25,4
949,4.75,4
950,4.33,3
951,5.0,5
952,3.67,3
953,3.8,10
954,2.0,6
955,3.0,2
956,3.0,2
957,4.5,4
958,3.0,2
959,3.0,2
960,2.15,27
961,4.0,5
962,2.5,4
963,4.0,5
964,2.6,10
965,3.33,3
966,2.0,2
967,3.5,4
968,4.06,31
969,4.0,13
970,2.46,48
971,1.57,7
972,3.0,4
973,3.8,5
974,3.07,14
975,4.07,15
976,3.86,7
977,3.5,6
978,4.0,2
979,2.83,6
980,3.44,9
981,3.5,2
982,2.33,3
983,3.57,70
984,4.0,3
985,3.67,15
986,4.0,2
987,3.5,10
988,4.0,3
989,4.62,13
990,3.14,44
991,2.33,3
992,2.33,6
993,3.46,26
994,2.0,3
995,3.0,26
996,3.65,57
997,3.67,3
998,4.0,3
999,4.75,4
1000,2.0,3
1001,2.33,3
1002,4.12,75
1003,4.5,4
1004,1.0,2
1005,3.0,2
1006,2.75,4
1007,3.7,10
1008,4.67,15
1009,5.0,9
1010,1.5,2
1011,3.9,10
1012,2.5,4
1013,3.67,3
1014,1.0,2
1015,2.25,4
1016,4.5,2
1017,3.75,4
1018,1.67,3
1019,4.5,2
1020,2.73,15
1021,2.5,2
1022,4.0,5
1023,2.56,16
1024,3.5,2
1025,5.0,3
1026,1.0,2
1027,4.3,23
1028,2.33,3
1029,4.0,4
1030,3.67,3
1031,3.33,3
1032,5.0,8
1033,1.48,21
1034,3.0,2
1035,3.94,16
1036,3.56,9
1037,4.25,4
1038,4.12,16
1039,4.0,2
1040,2.33,3
1041,4.0,2
1042,3.48,27
1043,4.0,2
1044,4.67,6
1045,4.1,10
1046,4.75,4
1047,4.5,2
1048,1.67,3
1049,5.0,2
1050,5.0,3
1051,4.12,34
1052,4.33,3
1053,1.5,2
1054,4.5,2
1055,3.9,31
1056,5.0,2
1057,1.5,2
1058,3.75,4
1059,4.43,7
1060,3.0,2
1061,4.0,5
1062,4.0,2
1063,2.33,3
1064,2.67,3
1065,5.0,2
1066,1.0,2
1067,1.83,6
1068,1.8,10
1069,3.71,7
1070,4.33,3
1071,5.0,2
1072,3.94,18
1073,3.4,5
1074,4.44,9
1075,1.6,5
1076,4.0,5
1077,3.67,3
1078,3.31,36
1079,3.67,6
1080,1.0,3
1081,3.5,2
1082,5.0,2
1083,1.83,6
1084,2.5,2
1085,3.67,3
1086,3.91,11
1087,3.94,18
1088,5.0,4
1089,3.91,23
1090,4.33,9
1091,3.0,2
1092,1.0,5
1093,2.33,3
1094,3.33,3
1095,3.5,2
1096,2.14,7
1097,3.02,63
1098,3.0,4
1099,4.2,15
1100,2.0,2
1101,3.0,2
1102,5.0,3
1103,4.75,4
1104,5.0,5
1105,3.0,5
1106,2.67,3
1107,3.67,6
1108,5.0,4
1109,4.33,12
1110,5.0,4
1111,4.54,13
1112,4.33,3
1113,3.55,11
1114,3.4,5
1115,4.09,32
1116,1.0,2
1117,4.22,9
1118,2.5,2
1119,4.0,14
1120,2.8,5
1121,3.0,2
1122,4.0,4
1123,4.86,7
1124,4.46,141
1125,4.67,3
1126,5.0,2
1127,3.75,4
1128,5.0,2
1129,5.0,3
1130,3.33,3
1131,2.92,13
1132,3.56,9
1133,3.67,3
1134,4.0,2
1135,2.5,4
1136,4.07,14
1137,3.67,12
1138,4.6,5
1139,5.0,2
1140,4.0,2
1141,4.0,2
1142,3.0,5
1143,4.56,9
1144,3.0,2
1145,3.0,4
1146,4.11,9
1147,3.33,30
1148,1.38,8
1149,4.2,15
1150,1.5,6
1151,1.0,3
1152,2.36,14
1153,4.0,2
1154,4.89,9
1155,2.33,3
1156,3.91,22
1157,3.7,27
1158,3.67,3
1159,2.33,3
1160,2.34,32
1161,2.6,5
1162,4.33,3
1163,5.0,3
1164,4.0,3
1165,3.67,3
1166,4.0,2
1167,4.31,13
1168,4.25,4
1169,5.0,2
1170,5.0,2
1171,5.0,2
1172,1.0,2
1173,3.33,6
1174,1.77,22
1175,2.75,8
1176,2.0,6
1177,4.8,5
1178,2.5,2
1179,3.33,12
1180,3.0,2
1181,4.4,5
1182,4.5,2
1183,3.0,2
1184,3.92,26
1185,4.25,4
1186,3.8,5
1187,3.33,3
1188,4.25,12
1189,4.33,3
1190,2.89,9
1191,5.0,2
1192,3.0,4
1193,3.45,11
1194,4.2,5
1195,4.0,6
1196,1.5,2
1197,5.0,3
1198,3.0,2
1199,4.67,3
1200,4.0,3
1201,4.1,21
1202,3.86,7
1203,2.25,4
1204,3.5,2
1205,4.2,5
1206,3.33,6
1207,5.0,2
1208,3.33,6
1209,2.5,2
1210,4.75,4
1211,3.8,10
1212,2.0,2
1213,2.23,13
1214,3.86,7
1215,5.0,3
1216,1.5,2
1217,1.5,2
1218,3.67,3
1219,1.0,3
1220,3.78,9
1221,4.0,2
1222,5.0,2
1223,4.25,4
1224,5.0,2
1225,4.82,11
1226,3.33,3
1227,3.92,12
1228,5.0,2
1229,3.0,2
1230,3.04,23
1231,4.17,12
1232,5.0,2
1233,5.0,3
1234,3.5,6
1235,3.5,4
1236,3.67,3
1237,2.08,12
1238,4.57,14
1239,3.17,6
1240,1.0,3
1241,3.0,2
1242,1.0,2
1243,3.67,3
1244,4.75,4
1245,3.65,20
1246,4.5,2
1247,3.5,2
1248,5.0,3
1249,1.0,2
1250,3.0,2
1251,3.62,29
1252,4.25,8
1253,5.0,2
1254,2.33,3
1255,5.0,2
1256,1.0,2
1257,5.0,4
1258,5.0,2
1259,4.5,2
1260,4.0,4
1261,5.0,2
1262,3.67,3
1263,1.0,3
1264,4.5,2
1265,3.5,2
1266,2.5,6
1267,4.4,5
1268,4.22,9
1269,3.0,2
1270,3.5,2
1271,5.0,2
1272,3.5,6
1273,3.21,14
1274,2.62,8
1275,3.39,67
1276,3.0,2
1277,3.0,2
1278,3.67,6
1279,3.75,4
1280,4.57,23
1281,3.0,2
1282,3.6,5
1283,3.75,12
1284,1.0,2
1285,3.69,13
1286,2.5,4
1287,3.75,12
1288,2.75,4
1289,4.0,4
1290,2.67,6
1291,4.27,303
1292,4.67,3
1293,4.0,9
1294,3.38,16
1295,4.62,8
1296,3.33,3
1297,4.33,21
1298,2.5,2
1299,5.0,2
1300,2.2,5
1301,3.66,87
1302,2.33,3
1303,4.67,3
1304,2.0,2
1305,4.33,3
1306,2.44,73
1307,2.07,15
1308,3.91,23
1309,2.6,5
1310,3.4,5
1311,3.5,2
1312,3.17,23
1313,5.0,2
1314,3.4,5
1315,3.15,20
1316,3.0,2
1317,3.08,13
1318,2.71,14
1319,3.0,2
1320,4.02,51
1321,5.0,2
1322,4.4,15
1323,1.0,2
1324,2.33,3
1325,4.29,7
1326,4.0,4
1327,3.0,3
1328,2.75,4
1329,4.5,2
1330,3.0,6
1331,2.57,21
1332,3.43,7
1333,4.6,5
1334,4.5,2
1335,3.5,2
1336,4.0,2
1337,2.0,2
1338,4.33,3
1339,3.0,2
1340,1.82,11
1341,4.5,2
1342,5.0,2
1343,2.0,2
1344,3.8,5
1345,3.2,5
1346,1.0,2
1347,3.15,13
1348,4.0,411
1349,1.79,29
1350,3.83,6
1351,4.0,3
1352,3.67,3
1353,4.6,5
1354,3.5,2
1355,4.0,3
1356,2.5,2
1357,4.22,41
1358,4.67,3
1359,3.67,3
1360,4.0,2
1361,4.4,5
1362,4.33,3
1363,2.46,13
1364,3.0,2
1365,3.67,3
1366,3.3,54
1367,2.67,3
1368,5.0,2
1369,4.67,3
1370,4.75,4
1371,2.0,2
1372,3.0,2
1373,5.0,2
1374,2.5,2
1375,4.5,2
1376,4.86,7
1377,3.57,7
1378,4.22,9
1379,4.15,110
1380,2.5,2
1381,3.0,3
1382,3.83,12
1383,3.71,7
1384,3.0,2
1385,2.35,17
1386,3.95,21
1387,4.67,6
1388,3.67,3
1389,4.18,146
1390,3.0,2
1391,3.0,2
1392,4.75,4
1393,4.0,2
1394,3.67,3
1395,4.75,4
1396,4.9,10
1397,4.5,2
1398,2.67,3
1399,3.88,8
1400,1.29,7
1401,4.0,6
1402,3.0,5
1403,3.0,3
1404,4.0,2
1405,2.88,16
1406,3.2,5
1407,5.0,3
1408,4.29,7
1409,4.0,4
1410,3.22,37
1411,3.5,4
1412,5.0,2
1413,3.82,17
1414,1.5,2
1415,3.6,25
1416,3.0,9
1417,4.0,6
1418,2.0,2
1419,4.8,5
1420,3.67,3
1421,1.75,4
1422,4.38,8
1423,2.1,10
1424,3.0,2
1425,3.91,11
1426,4.11,9
1427,3.0,2
1428,1.5,2
1429,1.5,2
1430,1.5,8
1431,4.25,4
1432,2.57,7
1433,4.0,2
1434,4.5,4
1435,4.33,3
1436,2.5,2
1437,4.62,8
1438,3.5,4
1439,5.0,3
1440,3.92,26
1441,5.0,2
1442,3.33,3
1443,1.5,2
1444,3.12,17
1445,3.79,28
1446,3.0,2
1447,1.5,2
1448,3.67,3
1449,2.0,4
1450,2.47,17
1451,2.0,2
1452,3.44,9
1453,5.0,2
1454,2.2,5
1455,3.67,3
1456,2.64,11
1457,5.0,3
1458,2.75,4
1459,2.73,11
1460,4.47,17
1461,4.07,27
1462,5.0,3
1463,5.0,3
1464,3.25,4
1465,4.38,8
1466,3.0,3
1467,3.33,12
1468,1.67,3
1469,4.75,4
1470,3.5,2
1471,4.15,13
1472,3.93,30
1473,2.67,3
1474,2.86,21
1475,2.4,5
1476,4.5,2
1477,4.5,2
1478,3.5,4
1479,2.69,13
1480,3.33,3
1481,1.88,8
1482,3.64,28
1483,2.67,15
1484,2.8,5
1485,3.0,2
1486,3.0,5
1487,3.8,5
1488,3.0,9
1489,2.33,6
1490,2.33,3
1491,4.0,4
1492,4.2,10
1493,3.17,12
1494,4.67,3
1495,1.5,2
1496,3.51,88
1497,4.14,7
1498,1.0,2
1499,3.75,4
1500,1.0,2
1501,3.8,5
1502,3.0,5
1503,4.17,6
1504,4.0,4
1505,4.75,4
1506,3.04,28
1507,3.33,3
1508,4.0,2
1509,2.4,5
1510,3.32,25
1511,2.93,14
1512,3.67,3
1513,3.0,2
1514,2.5,4
1515,2.89,9
1516,2.67,3
1517,3.0,2
1518,4.0,4
1519,5.0,2
1520,4.64,11
1521,4.92,12
1522,3.67,12
1523,3.25,4
1524,1.0,2
1525,5.0,8
1526,4.5,2
1527,2.0,3
1528,2.98,47
1529,2.33,3
1530,3.5,4
1531,3.21,14
1532,4.43,7
1533,2.68,155
1534,2.96,101
1535,2.5,6
1536,3.33,3
1537,3.89,47
1538,3.0,2
1539,3.5,2
1540,4.0,3
1541,3.24,34
1542,3.0,2
1543,3.66,58
1544,3.0,5
1545,4.43,7
1546,4.14,7
1547,5.0,2
1548,3.67,3
1549,3.0,5
1550,3.8,55
1551,4.0,5
1552,3.17,6
1553,3.58,67
1554,4.8,5
1555,4.67,3
1556,3.0,2
1557,4.37,43
1558,3.5,2
1559,2.6,5
1560,3.5,2
1561,2.5,2
1562,3.09,11
1563,3.87,67
1564,2.18,11
1565,3.1,10
1566,5.0,2
1567,2.33,3
1568,4.33,9
1569,4.0,10
1570,5.0,3
1571,3.0,2
1572,4.5,2
1573,4.06,170
1574,4.33,6
1575,3.4,5
1576,4.5,2
1577,4.67,3
1578,4.86,7
1579,4.33,3
1580,3.67,6
1581,4.76,17
1582,4.25,4
1583,2.5,12
1584,3.0,2
1585,4.14,7
1586,3.67,3
1587,3.27,11
1588,2.86,14
1589,4.0,3
1590,3.93,56
1591,4.67,3
1592,4.0,2
1593,3.4,10
1594,3.0,9
1595,4.6,5
1596,4.0,2
1597,3.33,3
1598,1.8,5
1599,1.0,3
1600,3.5,2
1601,3.67,6
1602,3.28,36
1603,3.84,50
1604,2.0,3
1605,4.0,2
1606,3.0,4
1607,2.91,11
1608,2.78,9
1609,4.0,2
1610,1.0,2
1611,2.0,3
1612,3.95,37
1613,4.38,29
1614,4.0,3
1615,3.33,3
1616,3.45,42
1617,3.75,4
1618,5.0,2
1619,4.0,3
1620,1.0,2
1621,4.0,3
1622,2.67,3
1623,2.0,3
1624,2.5,2
1625,3.9,193
1626,3.67,3
1627,5.0,2
1628,4.33,3
1629,4.33,3
1630,2.5,2
1631,4.0,2
1632,2.5,8
1633,2.5,2
1634,4.0,12
1635,2.74,98
1636,3.0,4
1637,4.29,14
1638,3.0,2
1639,4.0,16
1640,3.8,50
1641,3.67,3
1642,3.33,6
1643,4.0,4
1644,2.0,2
1645,4.4,121
1646,3.0,2
1647,2.0,4
1648,5.0,2
1649,4.36,28
1650,4.25,8
1651,3.0,4
1652,2.0,2
1653,5.0,2
1654,2.55,83
1655,3.0,4
1656,3.67,3
1657,3.8,5
1658,3.33,3
1659,3.0,3
1660,4.5,12
1661,5.0,2
1662,2.31,13
1663,3.0,2
1664,2.67,3
1665,2.0,3
1666,1.67,3
1667,3.7,10
1668,3.0,4
1669,3.21,14
1670,3.0,2
1671,4.67,3
1672,3.12,8
1673,3.67,3
1674,3.0,2
1675,1.0,2
1676,3.85,86
1677,2.04,72
1678,4.27,41
1679,5.0,2
1680,4.67,6
1681,2.0,4
1682,3.5,4
1683,3.71,7
1684,3.67,3
1685,2.5,8
1686,4.0,3
1687,3.6,5
1688,1.0,2
1689,4.08,13
1690,1.73,11
1691,1.5,2
1692,2.5,2
1693,5.0,2
1694,4.5,4
1695,3.49,35
1696,4.0,2
1697,2.0,2
1698,3.5,30
1699,3.88,25
1700,2.75,4
1701,3.4,5
1702,4.6,5
1703,4.0,2
1704,4.0,3
1705,3.75,4
1706,4.5,2
1707,3.89,9
1708,4.11,9
1709,5.0,3
1710,3.5,2
1711,4.2,5
1712,2.2,5
1713,3.67,3
1714,3.12,8
1715,1.71,7
1716,4.31,13
1717,1.33,3
1718,4.5,2
1719,4.2,5
1720,5.0,3
1721,4.5,2
1722,2.67,9
1723,3.0,5
1724,2.0,3
1725,3.5,6
1726,2.67,3
1727,3.5,2
1728,3.67,21
1729,3.33,6
1730,3.0,6
1731,3.5,2
1732,4.22,9
1733,1.67,3
1734,3.69,13
1735,5.0,4
1736,3.17,6
1737,4.0,4
1738,2.33,3
1739,4.0,3
1740,5.0,2
1741,4.4,10
1742,4.0,20
1743,3.73,15
1744,5.0,2
1745,1.5,2
1746,3.5,2
1747,5.0,2
1748,2.0,3
1749,3.33,3
1750,3.5,4
1751,1.0,3
1752,3.61,41
1753,4.0,3
1754,3.0,18
1755,3.8,5
1756,5.0,2
1757,2.5,2
1758,3.5,2
1759,4.5,18
1760,3.0,2
1761,4.16,31
1762,3.67,3
1763,3.0,2
1764,2.0,3
1765,2.4,5
1766,4.75,4
1767,2.43,7
1768,3.26,35
1769,3.0,3
1770,4.21,29
1771,4.5,2
1772,4.08,25
1773,5.0,2
1774,3.5,4
1775,3.12,25
1776,4.0,5
1777,2.0,4
1778,3.4,5
1779,3.17,6
1780,2.6,5
1781,5.0,2
1782,4.33,3
1783,2.2,10
1784,1.33,3
1785,4.32,280
1786,5.0,8
1787,3.71,51
1788,1.0,2
1789,5.0,4
1790,4.25,4
1791,4.5,4
1792,2.0,2
1793,1.0,2
1794,4.0,2
1795,3.33,6
1796,3.6,5
1797,3.36,14
1798,4.03,31
1799,5.0,3
1800,2.5,2
1801,1.8,5
1802,3.25,4
1803,3.2,5
1804,4.31,13
1805,3.6,5
1806,4.0,2
1807,3.0,2
1808,4.0,2
1809,1.0,3
1810,2.88,8
1811,3.18,28
1812,4.4,10
1813,2.57,7
1814,4.67,3
1815,4.75,4
1816,4.25,4
1817,2.32,74
1818,3.67,3
1819,4.6,5
1820,4.44,18
1821,2.5,2
1822,4.17,12
1823,3.26,38
1824,2.33,3
1825,4.0,2
1826,2.2,5
1827,5.0,2
1828,2.0,2
1829,3.75,4
1830,5.0,2
1831,3.0,2
1832,3.8,5
1833,3.57,7
1834,3.84,19
1835,3.5,8
1836,4.5,2
1837,4.5,10
1838,4.5,4
1839,4.67,3
1840,2.93,14
1841,5.0,2
1842,3.41,29
1843,3.8,5
1844,3.17,6
1845,3.32,97
1846,2.29,7
1847,3.0,2
1848,2.48,42
1849,5.0,2
1850,3.67,3
1851,3.0,4
1852,3.75,4
1853,2.5,2
1854,3.0,3
1855,4.0,4
1856,3.17,6
1857,3.83,12
1858,3.16,88
1859,2.58,48
1860,4.06,17
1861,4.5,2
1862,2.6,5
1863,5.0,5
1864,3.24,54
1865,3.0,2
1866,3.25,8
1867,3.1,10
1868,2.0,3
1869,3.44,16
1870,4.4,5
1871,3.33,6
1872,3.0,3
1873,3.38,16
1874,5.0,2
1875,5.0,3
1876,5.0,2
1877,4.0,2
1878,4.6,5
1879,3.75,4
1880,5.0,5
1881,5.0,2
1882,2.0,2
1883,4.33,3
1884,3.21,33
1885,3.75,12
1886,3.5,2
1887,3.29,28
1888,4.31,16
1889,2.36,22
1890,4.5,2
1891,5.0,4
1892,4.41,22
1893,4.4,10
1894,3.75,36
1895,5.0,2
1896,4.0,2
1897,3.5,2
1898,3.43,7
1899,1.0,2
1900,3.17,12
1901,5.0,2
1902,1.0,2
1903,2.0,5
1904,3.5,2
1905,4.0,2
1906,3.67,3
1907,4.0,2
1908,5.0,3
1909,4.33,6
1910,3.0,2
1911,1.5,2
1912,3.5,2
1913,2.0,4
1914,4.14,14
1915,2.18,17
1916,1.5,2
1917,1.8,15
1918,4.67,3
1919,4.5,6
1920,3.0,4
1921,3.76,29
1922,4.4,5
1923,3.0,2
1924,2.0,2
1925,3.5,6
1926,1.5,2
1927,3.71,7
1928,4.67,3
1929,3.6,5
1930,2.83,6
1931,4.5,10
1932,5.0,4
1933,4.33,3
1934,2.43,44
1935,4.25,8
1936,3.65,31
1937,4.25,4
1938,3.68,104
1939,4.33,6
1940,3.5,2
1941,1.5,2
1942,4.0,2
1943,5.0,2
1944,4.0,2
1945,4.53,55
1946,1.0,2
1947,3.47,30
1948,4.5,4
1949,5.0,2
1950,4.0,4
1951,2.6,5
1952,5.0,2
1953,4.5,2
1954,2.33,6
1955,3.81,21
1956,3.08,13
1957,2.33,6
1958,3.0,2
1959,3.0,2
1960,3.5,2
1961,3.0,3
1962,2.0,3
1963,3.14,7
1964,4.52,23
1965,4.0,8
1966,4.33,30
1967,4.47,19
1968,4.2,10
1969,4.33,3
1970,2.83,18
1971,2.58,12
1972,3.0,3
1973,4.0,5
1974,5.0,9
1975,4.67,9
1976,5.0,2
1977,3.25,16
1978,3.5,8
1979,3.18,11
1980,3.75,4
1981,3.5,2
1982,4.5,2
1983,3.5,2
1984,1.0,2
1985,3.0,5
1986,3.5,2
1987,3.5,2
1988,1.6,10
1989,2.38,56
1990,4.33,3
1991,4.25,4
1992,3.96,28
1993,3.1,48
1994,3.85,52
1995,3.82,11
1996,2.61,80
1997,4.75,4
1998,4.33,3
1999,1.67,6
2000,3.64,14
2001,3.0,2
2002,1.0,3
2003,3.5,4
2004,3.5,2
2005,3.67,3
2006,2.0,3
2007,4.0,4
2008,3.41,22
2009,2.0,2
2010,5.0,4
2011,3.43,7
2012,3.79,14
2013,2.33,6
2014,4.0,2
2015,5.0,3
2016,4.67,3
2017,2.33,3
2018,2.17,6
2019,4.67,3
2020,1.89,9
2021,3.5,2
2022,3.14,7
2023,4.5,2
2024,4.0,28
2025,5.0,2
2026,5.0,2
2027,1.0,2
2028,5.0,2
2029,3.0,2
2030,3.82,17
2031,4.67,12
2032,4.0,2
2033,5.0,2
2034,4.0,2
2035,4.86,7
2036,3.84,37
2037,2.75,8
2038,5.0,3
2039,3.67,3
2040,2.67,12
2041,3.33,6
2042,5.0,2
2043,1.0,2
2044,2.33,3
2045,5.0,2
2046,3.22,41
2047,3.5,4
2048,1.0,2
2049,5.0,2
2050,3.67,3
2051,2.29,7
2052,4.67,3
2053,2.5,36
2054,5.0,2
2055,4.0,2
2056,3.4,10
2057,4.0,3
2058,3.67,9
2059,1.0,2
2060,3.12,8
2061,3.5,2
2062,2.5,2
2063,4.25,171
2064,4.4,168
2065,3.33,3
2066,4.0,2
2067,3.7,10
2068,2.96,28
2069,5.0,2
2070,4.25,4
2071,3.44,18
2072,3.67,3
2073,4.0,3
2074,3.0,4
2075,5.0,4
2076,3.83,23
2077,3.0,14
2078,2.0,5
2079,2.07,28
2080,5.0,2
2081,2.5,2
2082,3.33,3
2083,5.0,2
2084,3.0,6
2085,4.4,5
2086,4.18,11
2087,4.67,3
2088,4.6,10
2089,3.5,2
2090,5.0,2
2091,4.17,12
2092,3.0,6
2093,5.0,2
2094,4.0,4
2095,5.0,2
2096,4.8,5
2097,3.67,3
2098,5.0,3
2099,3.0,6
2100,4.15,40
2101,3.12,8
2102,3.67,3
2103,3.0,2
2104,5.0,2
2105,4.2,5
2106,4.5,2
2107,3.25,4
2108,3.74,35
2109,4.0,7
2110,3.78,9
2111,4.41,56
2112,3.17,24
2113,4.0,2
2114,2.33,3
2115,3.39,28
2116,4.0,2
2117,1.0,2
2118,4.29,7
2119,4.33,3
2120,4.0,4
2121,2.0,7
2122,4.0,8
2123,2.5,4
2124,2.0,2
2125,3.38,16
2126,3.23,79
2127,5.0,2
2128,5.0,2
2129,4.0,2
2130,4.33,9
2131,4.0,3
2132,3.67,3
2133,1.0,2
2134,4.18,62
2135,3.33,3
2136,4.62,8
2137,3.0,3
2138,2.6,5
2139,2.0,2
2140,5.0,2
2141,4.0,8
2142,3.5,4
2143,2.5,2
2144,5.0,2
2145,2.0,3
2146,4.5,2
2147,3.89,171
2148,4.0,3
2149,3.5,12
2150,3.0,5
2151,3.0,11
2152,1.67,6
2153,4.25,8
2154,1.0,7
2155,2.33,6
2156,5.0,2
2157,4.0,5
2158,3.0,2
2159,3.67,3
2160,4.0,6
2161,1.0,2
2162,3.0,6
2163,5.0,2
2164,4.62,8
2165,3.31,13
2166,4.67,3
2167,4.44,16
2168,3.44,16
2169,3.25,8
2170,4.0,5
2171,2.94,18
2172,4.25,12
2173,3.47,15
2174,4.06,52
2175,3.0,18
2176,4.13,15
2177,1.0,2
2178,4.33,3
2179,4.2,5
2180,3.25,4
2181,5.0,3
2182,5.0,2
2183,2.71,7
2184,3.32,76
2185,4.15,26
2186,3.81,85
2187,2.29,14
2188,3.33,3
2189,5.0,3
2190,3.5,4
2191,4.5,4
2192,5.0,2
2193,2.0,2
2194,4.0,2
2195,2.83,6
2196,3.33,3
2197,5.0,2
2198,2.33,3
2199,5.0,7
2200,4.5,2
2201,4.0,3
2202,4.23,56
2203,4.0,5
2204,3.22,54
2205,3.33,3
2206,4.25,4
2207,3.0,6
2208,2.33,3
2209,4.2,5
2210,3.0,2
2211,3.5,4
2212,4.27,11
2213,3.14,7
2214,4.14,125
2215,3.0,2
2216,1.6,5
2217,4.42,69
2218,3.0,2
2219,2.83,6
2220,4.5,2
2221,2.83,6
2222,4.0,12
2223,4.75,4
2224,4.0,3
2225,2.0,8
2226,4.67,3
2227,3.0,3
2228,4.1,10
2229,3.25,4
2230,3.67,3
2231,2.33,3
2232,4.8,5
2233,4.5,2
2234,3.0,4
2235,2.5,2
2236,3.62,16
2237,3.0,3
2238,5.0,2
2239,3.0,8
2240,5.0,2
2241,3.0,4
2242,3.75,4
2243,2.33,3
2244,2.0,2
2245,5.0,2
2246,4.0,2
2247,3.67,6
2248,2.67,3
2249,3.0,2
2250,3.75,4
2251,4.43,266
2252,4.6,5
2253,3.5,2
2254,4.67,3
2255,3.43,35
2256,4.67,3
2257,3.0,4
2258,3.86,7
2259,4.75,16
2260,5.0,2
2261,4.69,13
2262,3.5,4
2263,3.11,9
2264,1.5,2
2265,3.75,8
2266,3.5,2
2267,4.8,5
2268,3.29,7
2269,3.56,18
2270,3.0,3
2271,4.2,75
2272,5.0,2
2273,4.0,2
2274,4.5,2
2275,4.4,5
2276,2.67,6
2277,2.92,12
2278,2.85,39
2279,4.33,3
2280,3.75,4
2281,3.2,5
2282,2.33,3
2283,3.9,21
2284,3.4,5
2285,3.0,2
2286,3.0,3
2287,3.33,3
2288,3.75,8
2289,3.67,3
2290,1.5,2
2291,2.18,11
2292,1.0,2
2293,3.46,26
2294,2.71,24
2295,2.93,14
2296,3.25,4
2297,4.5,4
2298,3.33,3
2299,4.15,39
2300,5.0,3
2301,4.48,25
2302,4.0,3
2303,4.37,65
2304,4.8,5
2305,2.6,5
2306,3.5,2
2307,4.5,6
2308,2.5,2
2309,3.5,4
2310,1.25,4
2311,4.26,35
2312,3.64,11
2313,4.0,8
2314,4.67,3
2315,2.0,3
2316,5.0,2
2317,3.5,6
2318,2.43,21
2319,3.33,3
2320,4.21,19
2321,3.67,3
2322,2.0,2
2323,2.0,2
2324,3.6,5
2325,2.7,40
2326,4.09,11
2327,1.5,2
2328,3.6,10
2329,1.0,3
2330,5.0,3
2331,3.52,23
2332,3.67,15
2333,4.5,2
2334,4.05,41
2335,3.0,5
2336,4.71,7
2337,5.0,2
2338,4.33,3
2339,2.85,13
2340,3.11,9
2341,1.0,3
2342,4.6,10
2343,2.25,4
2344,4.22,9
2345,4.43,21
2346,4.0,7
2347,3.33,3
2348,1.96,25
2349,4.63,41
2350,2.52,27
2351,2.8,5
2352,4.5,6
2353,4.08,12
2354,4.2,5
2355,5.0,3
2356,5.0,3
2357,3.6,5
2358,5.0,3
2359,4.18,11
2360,1.0,2
2361,3.25,4
2362,4.57,14
2363,4.21,189
2364,4.17,6
2365,5.0,2
2366,4.56,18
2367,4.64,47
2368,3.0,9
2369,3.5,26
2370,3.5,4
2371,2.63,46
2372,5.0,2
2373,2.1,10
2374,4.0,9
2375,3.25,4
2376,4.67,27
2377,5.0,2
2378,5.0,2
2379,3.33,12
2380,2.67,6
2381,4.0,6
2382,4.62,13
2383,1.0,3
2384,2.5,2
2385,4.0,3
2386,3.0,6
2387,4.75,4
2388,3.0,5
2389,3.54,28
2390,3.82,171
2391,4.0,4
2392,4.0,3
2393,3.33,3
2394,4.65,48
2395,4.21,14
2396,3.74,19
2397,1.67,3
2398,4.0,3
2399,4.0,3
2400,3.67,3
2401,4.25,211
2402,3.0,2
2403,3.0,5
2404,2.67,3
2405,2.84,88
2406,2.0,3
2407,3.5,2
2408,2.5,2
2409,2.5,2
2410,4.0,3
2411,4.5,2
2412,4.0,7
2413,3.2,10
2414,2.6,5
2415,4.5,2
2416,3.0,6
2417,3.0,2
2418,3.27,48
2419,4.0,2
2420,2.0,2
2421,5.0,3
2422,4.5,4
2423,3.0,2
2424,4.5,4
2425,2.33,3
2426,4.75,12
2427,3.88,8
2428,3.43,51
2429,3.2,5
2430,2.33,3
2431,5.0,6
2432,4.33,6
2433,4.67,3
2434,4.0,5
2435,3.33,3
2436,4.5,4
2437,4.5,8
2438,3.67,3
2439,4.5,2
2440,3.33,3
2441,3.4,10
2442,3.67,3
2443,3.5,2
2444,3.0,3
2445,5.0,2
2446,3.5,6
2447,2.0,2
2448,4.25,4
2449,3.67,3
2450,4.23,39
2451,5.0,3
2452,1.0,2
2453,3.0,8
2454,3.97,39
2455,4.5,2
2456,3.4,5
2457,4.16,87
2458,3.91,100
2459,4.0,12
2460,4.11,19
2461,5.0,3
2462,3.67,3
2463,5.0,2
2464,3.0,2
2465,3.0,5
2466,4.0,9
2467,1.0,7
2468,4.0,5
2469,3.5,6
2470,4.0,2
2471,4.67,3
2472,5.0,2
2473,2.67,3
2474,4.0,2
2475,4.57,7
2476,3.8,10
2477,2.78,27
2478,3.67,3
2479,2.2,5
2480,3.0,3
2481,2.97,31
2482,3.9,20
2483,2.33,3
2484,3.64,11
2485,3.5,2
2486,3.83,6
2487,1.0,2
2488,3.2,5
2489,2.33,3
2490,3.37,38
2491,4.6,5
2492,3.5,4
2493,4.08,26
2494,4.6,5
2495,3.9,21
2496,3.0,2
2497,1.5,2
2498,4.67,3
2499,2.97,35
2500,4.0,5
2501,3.92,63
2502,2.55,11
2503,4.86,7
2504,3.64,11
2505,2.93,14
2506,3.6,10
2507,2.67,3
2508,3.43,7
2509,4.05,19
2510,3.5,2
2511,3.57,7
2512,5.0,2
2513,5.0,2
2514,2.0,2
2515,3.0,4
2516,1.5,2
2517,4.0,3
2518,2.68,34
2519,2.33,3
2520,3.0,2
2521,2.9,10
2522,4.44,9
2523,3.5,16
2524,2.44,16
2525,3.0,2
2526,2.88,33
2527,4.67,3
2528,3.0,4
2529,4.75,12
2530,4.44,18
2531,4.17,6
2532,3.33,3
2533,4.5,10
2534,4.0,2
2535,4.56,9
2536,2.33,3
2537,3.3,33
2538,5.0,2
2539,2.67,6
2540,2.0,2
2541,3.0,7
2542,5.0,2
2543,3.45,20
2544,3.58,12
2545,3.0,2
2546,4.0,43
2547,3.85,33
2548,2.67,3
2549,3.61,36
2550,4.5,2
2551,4.5,2
2552,4.0,2
2553,1.0,2
2554,2.0,2
2555,3.0,2
2556,3.67,3
2557,5.0,3
2558,4.04,24
2559,3.44,39
2560,2.67,3
2561,1.0,3
2562,2.5,2
2563,4.5,8
2564,4.0,2
2565,1.0,2
2566,4.0,3
2567,2.4,5
2568,3.2,5
2569,4.08,26
2570,4.43,7
2571,3.0,34
2572,4.42,26
2573,4.67,3
2574,3.5,4
2575,4.67,3
2576,5.0,2
2577,3.67,3
2578,3.67,3
2579,2.33,3
2580,4.0,2
2581,5.0,2
2582,3.67,3
2583,4.33,3
2584,5.0,2
2585,4.0,3
2586,1.4,73
2587,2.0,6
2588,3.88,58
2589,3.75,8
2590,1.43,42
2591,2.39,51
2592,1.5,2
2593,4.0,3
2594,5.0,3
2595,5.0,2
2596,4.6,5
2597,3.2,20
2598,3.5,2
2599,4.29,7
2600,3.0,2
2601,3.0,3
2602,3.75,4
2603,3.91,11
2604,3.86,7
2605,4.0,8
2606,3.33,3
2607,2.33,3
2608,4.09,76
2609,2.92,61
2610,3.0,3
2611,4.05,37
2612,3.75,4
2613,3.5,2
2614,5.0,4
2615,4.5,2
2616,3.75,12
2617,4.14,125
2618,2.75,4
2619,4.5,2
2620,2.5,2
2621,3.91,11
2622,3.25,4
2623,3.91,22
2624,3.17,71
2625,3.5,4
2626,5.0,2
2627,4.75,4
2628,2.5,2
2629,3.0,3
2630,3.64,11
2631,3.25,4
2632,5.0,2
2633,2.5,2
2634,3.0,3
2635,4.75,4
2636,1.0,2
2637,3.67,12
2638,5.0,2
2639,4.0,6
2640,4.43,7
2641,3.83,6
2642,5.0,2
2643,1.0,2
2644,1.0,2
2645,4.33,3
2646,4.0,4
2647,2.25,4
2648,4.17,6
2649,3.0,3
2650,3.7,10
2651,4.0,15
2652,3.0,6
2653,4.57,110
2654,1.52,23
2655,2.33,3
2656,4.0,2
2657,3.67,3
2658,4.5,2
2659,1.0,2
2660,3.5,2
2661,3.75,4
2662,2.25,4
2663,5.0,2
2664,3.67,3
2665,4.0,26
2666,2.5,2
2667,4.67,3
2668,3.19,21
2669,4.67,3
2670,4.34,582
2671,2.5,2
2672,4.32,92
2673,3.5,2
2674,3.33,6
2675,1.0,3
2676,5.0,2
2677,2.5,2
2678,2.54,13
2679,4.5,2
2680,3.47,32
2681,4.0,2
2682,4.6,5
2683,3.14,7
2684,1.0,2
2685,3.79,14
2686,3.83,6
2687,5.0,2
2688,1.5,2
2689,5.0,2
2690,4.0,4
2691,3.5,2
2692,3.5,2
2693,4.26,39
2694,3.5,2
2695,3.7,10
2696,2.38,8
2697,4.4,5
2698,3.53,17
2699,4.75,4
2700,4.5,2
2701,4.5,2
2702,1.8,10
2703,3.0,4
2704,1.5,2
2705,3.25,8
2706,2.67,3
2707,4.0,2
2708,3.6,5
2709,4.67,3
2710,4.24,25
2711,3.33,3
2712,3.93,15
2713,2.89,47
2714,3.9,10
2715,3.74,31
2716,2.6,5
2717,5.0,2
2718,3.5,2
2719,3.0,3
2720,1.33,3
2721,3.5,2
2722,3.0,2
2723,4.33,6
2724,1.89,9
2725,1.0,2
2726,2.5,2
2727,2.6,5
2728,4.12,8
2729,4.33,9
2730,4.5,2
2731,3.67,3
2732,3.33,3
2733,4.5,2
2734,1.95,21
2735,3.0,2
2736,3.29,21
2737,2.38,8
2738,4.67,6
2739,1.0,4
2740,4.26,42
2741,3.85,13
2742,3.59,17
2743,3.5,4
2744,1.5,2
2745,3.75,4
2746,4.25,4
2747,4.0,2
2748,2.73,11
2749,3.0,2
2750,3.57,7
2751,3.21,14
2752,5.0,2
2753,3.67,3
2754,5.0,2
2755,2.3,10
2756,5.0,2
2757,2.67,3
2758,4.0,7
2759,3.0,3
2760,2.5,2
2761,3.38,40
2762,5.0,3
2763,5.0,2
2764,5.0,2
2765,1.75,4
2766,2.51,35
2767,3.29,7
2768,4.67,6
2769,2.0,5
2770,2.67,9
2771,2.4,5
2772,4.0,2
2773,3.29,17
2774,5.0,5
2775,1.0,2
2776,3.94,47
2777,3.5,2
2778,3.75,8
2779,3.14,35
2780,3.06,62
2781,4.36,39
2782,4.2,76
2783,3.67,3
2784,3.42,69
2785,4.67,3
2786,3.67,3
2787,5.0,2
2788,1.5,2
2789,3.4,20
2790,4.17,6
2791,2.87,39
2792,3.94,36
2793,4.0,2
2794,3.48,33
2795,3.37,19
2796,1.5,2
2797,1.0,6
2798,3.0,4
2799,4.5,2
2800,4.8,5
2801,3.5,4
2802,4.0,4
2803,4.17,6
2804,3.88,50
2805,5.0,2
2806,2.25,4
2807,4.33,3
2808,4.21,34
2809,4.33,3
2810,5.0,2
2811,4.0,4
2812,1.67,3
2813,4.5,2
2814,5.0,2
2815,4.52,64
2816,2.67,24
2817,2.0,4
2818,3.86,29
2819,2.5,2
2820,2.0,3
2821,2.86,14
2822,3.65,51
2823,2.25,8
2824,3.75,4
2825,4.5,2
2826,4.04,70
2827,3.6,5
2828,3.67,3
2829,3.21,43
2830,3.33,3
2831,4.0,2
2832,3.0,2
2833,3.5,2
2834,4.37,19
2835,4.5,32
2836,3.7,10
2837,2.62,24
2838,1.43,7
2839,3.2,5
2840,4.0,2
2841,5.0,2
2842,4.62,24
2843,5.0,2
2844,5.0,5
2845,3.5,20
2846,3.0,3
2847,3.5,2
2848,3.83,12
2849,3.0,2
2850,3.38,24
2851,4.8,5
2852,4.03,38
2853,5.0,5
2854,4.0,4
2855,4.22,9
2856,5.0,3
2857,3.25,4
2858,3.65,101
2859,4.33,3
2860,3.33,3
2861,1.0,2
2862,3.94,104
2863,2.8,5
2864,4.5,2
2865,4.0,11
2866,2.0,2
2867,4.67,3
2868,4.0,6
2869,3.0,2
2870,2.33,3
2871,4.6,5
2872,3.26,19
2873,3.67,3
2874,3.0,5
2875,3.25,8
2876,3.63,19
2877,5.0,2
2878,4.5,6
2879,2.33,12
2880,1.5,2
2881,1.0,3
2882,5.0,2
2883,5.0,2
2884,4.5,6
2885,3.54,71
2886,3.67,6
2887,3.67,6
2888,3.5,2
2889,4.67,3
2890,4.0,2
2891,5.0,2
2892,3.33,3
2893,4.53,15
2894,3.0,2
2895,1.0,2
2896,5.0,2
2897,2.33,3
2898,4.9,10
2899,4.12,34
2900,2.25,4
2901,4.5,4
2902,3.76,21
2903,3.33,3
2904,3.39,33
2905,4.33,3
2906,3.5,2
2907,2.36,11
2908,4.25,8
2909,3.0,2
2910,5.0,3
2911,4.67,3
2912,4.67,3
2913,3.28,18
2914,2.93,15
2915,4.5,2
2916,4.5,2
2917,4.58,12
2918,3.85,34
2919,2.5,4
2920,1.5,6
2921,5.0,2
2922,4.33,9
2923,4.0,2
2924,1.0,3
2925,2.5,4
2926,3.0,2
2927,3.67,3
2928,4.5,4
2929,3.38,32
2930,2.33,3
2931,4.25,4
2932,2.22,9
2933,2.5,4
2934,5.0,2
2935,3.25,12
2936,3.5,2
2937,3.33,6
2938,4.36,39
2939,2.75,8
2940,4.09,23
2941,5.0,2
2942,4.67,3
2943,3.19,16
2944,3.56,9
2945,2.57,30
2946,3.71,7
2947,5.0,2
2948,4.0,4
2949,4.55,33
2950,2.33,3
2951,5.0,3
2952,4.5,10
2953,3.14,28
2954,3.88,69
2955,4.0,2
2956,2.89,9
2957,1.0,2
2958,3.0,2
2959,4.0,4
2960,4.2,5
2961,1.0,2
2962,5.0,2
2963,4.33,3
2964,3.38,26
2965,4.0,4
2966,5.0,4
2967,4.25,12
2968,4.33,6
2969,1.25,4
2970,4.67,3
2971,3.48,25
2972,3.5,2
2973,3.0,3
2974,3.0,2
2975,4.0,14
2976,4.0,11
2977,3.86,7
2978,2.62,8
2979,4.24,17
2980,3.5,30
2981,2.71,7
2982,4.0,3
2983,3.5,10
2984,3.17,6
2985,3.5,2
2986,3.85,48
2987,4.5,2
2988,5.0,3
2989,3.5,2
2990,3.93,15
2991,3.5,2
2992,3.33,3
2993,3.67,9
2994,3.75,4
2995,2.0,4
2996,3.32,139
2997,3.0,2
2998,2.0,3
2999,3.3,10
3000,2.73,78
3001,4.24,133
3002,3.2,5
3003,4.2,5
3004,2.56,9
3005,4.67,3
3006,3.5,2
3007,4.22,65
3008,2.6,5
3009,2.33,3
3010,3.75,4
3011,3.0,2
3012,2.25,4
3013,4.33,6
3014,2.5,16
3015,4.67,6
3016,3.67,3
3017,2.0,3
3018,1.83,6
3019,3.25,16
3020,3.75,4
3021,1.8,5
3022,4.25,4
3023,2.97,62
3024,3.0,2
3025,5.0,2
3026,3.67,3
3027,5.0,2
3028,2.6,5
3029,2.02,60
3030,3.2,5
3031,2.67,3
3032,3.0,2
3033,3.33,6
3034,4.0,4
3035,3.67,9
3036,3.6,5
3037,3.0,3
3038,3.5,2
3039,2.47,68
3040,2.6,5
3041,4.13,46
3042,4.5,2
3043,2.2,5
3044,4.25,4
3045,4.15,13
3046,3.0,2
3047,3.0,4
3048,2.75,8
3049,3.0,3
3050,3.67,3
3051,1.5,4
3052,3.78,59
3053,5.0,2
3054,2.98,50
3055,4.0,5
3056,2.0,2
3057,2.0,2
3058,3.4,5
3059,2.0,7
3060,2.0,5
3061,3.67,9
3062,3.0,2
3063,1.4,10
3064,3.5,2
3065,4.67,3
3066,4.0,3
3067,4.57,7
3068,2.33,3
3069,3.67,3
3070,3.0,2
3071,4.0,2
3072,4.5,2
3073,1.5,2
3074,5.0,2
3075,3.67,3
3076,4.33,3
3077,3.62,149
3078,4.15,68
3079,3.0,2
3080,3.64,14
3081,3.5,2
3082,3.0,5
3083,4.5,2
3084,4.0,2
3085,2.6,5
3086,1.75,12
3087,5.0,2
3088,5.0,4
3089,3.5,4
3090,3.77,30
3091,4.5,2
3092,4.75,4
3093,3.27,11
3094,2.75,4
3095,2.57,7
3096,3.5,4
3097,4.0,4
3098,1.67,3
3099,5.0,2
3100,3.0,4
3101,4.0,10
3102,3.0,2
3103,2.0,3
3104,4.5,2
3105,1.0,2
3106,5.0,2
3107,3.0,7
3108,5.0,2
3109,4.5,2
3110,2.8,5
3111,4.62,8
3112,2.2,5
3113,4.74,19
3114,1.0,3
3115,4.25,4
3116,2.67,3
3117,3.71,7
3118,5.0,2
3119,4.5,2
3120,5.0,2
3121,3.08,24
3122,5.0,2
3123,2.2,5
3124,4.58,98
3125,4.36,14
3126,4.0,5
3127,3.75,4
3128,4.5,2
3129,4.0,4
3130,5.0,4
3131,2.5,2
3132,3.0,26
3133,2.81,54
3134,4.5,4
3135,2.5,2
3136,3.85,55
3137,4.4,5
3138,3.0,7
3139,3.38,29
3140,3.0,2
3141,3.0,2
3142,3.67,3
3143,4.4,10
3144,2.5,2
3145,3.55,22
3146,1.5,4
3147,3.75,8
3148,1.0,2
3149,2.67,3
3150,3.0,21
3151,3.5,2
3152,3.2,5
3153,3.0,2
3154,1.4,5
3155,4.0,2
3156,5.0,4
3157,4.5,2
3158,4.0,32
3159,3.5,6
3160,4.0,15
3161,3.25,4
3162,4.18,17
3163,3.0,2
3164,3.56,16
3165,5.0,9
3166,3.0,2
3167,3.5,2
3168,3.5,2
3169,3.0,2
3170,3.5,4
3171,2.5,2
3172,3.5,4
3173,3.67,3
3174,2.5,4
3175,5.0,2
3176,3.67,3
3177,3.21,19
3178,4.73,15
3179,5.0,3
3180,4.18,11
3181,4.0,7
3182,2.88,17
3183,1.0,3
3184,4.4,10
3185,4.09,34
3186,1.5,2
3187,3.85,33
3188,2.5,2
3189,5.0,2
3190,3.16,43
3191,2.33,3
3192,4.0,5
3193,1.5,2
3194,3.86,7
3195,2.5,2
3196,2.86,72
3197,5.0,2
3198,3.2,10
3199,3.4,5
3200,4.0,5
3201,2.75,4
3202,4.0,47
3203,3.27,11
3204,1.33,3
3205,3.5,8
3206,3.25,8
3207,4.5,2
3208,3.5,6
3209,3.0,2
3210,4.67,3
3211,5.0,2
3212,4.67,3
3213,3.0,2
3214,4.0,5
3215,4.0,2
3216,2.58,106
3217,2.0,2
3218,4.0,4
3219,4.67,3
3220,3.0,3
3221,4.75,8
3222,4.78,9
3223,3.94,17
3224,4.0,5
3225,3.0,2
3226,4.0,3
3227,2.5,4
3228,3.0,2
3229,2.5,2
3230,3.29,21
3231,3.08,13
3232,4.85,13
3233,5.0,4
3234,3.0,2
3235,3.0,2
3236,5.0,2
3237,5.0,2
3238,2.07,15
3239,4.0,2
3240,4.25,4
3241,4.0,3
3242,4.19,62
3243,2.73,15
3244,4.5,2
3245,2.67,9
3246,4.4,10
3247,5.0,2
3248,3.0,2
3249,3.0,2
3250,3.71,7
3251,3.5,4
3252,1.0,2
3253,3.57,7
3254,3.82,17
3255,3.0,5
3256,3.0,2
3257,4.14,14
3258,4.0,2
3259,3.67,3
3260,2.83,6
3261,4.5,2
3262,4.42,19
3263,4.33,9
3264,4.67,3
3265,3.6,5
3266,3.0,2
3267,2.0,3
3268,4.09,11
3269,1.67,3
3270,2.2,64
3271,4.6,5
3272,3.0,5
3273,3.33,3
3274,1.0,3
3275,2.0,5
3276,5.0,2
3277,1.75,4
3278,4.42,163
3279,4.33,9
3280,3.8,5
3281,3.12,8
3282,2.25,8
3283,2.4,5
3284,3.81,31
3285,4.7,10
3286,2.5,2
3287,1.0,2
3288,4.07,14
3289,3.75,8
3290,2.85,13
3291,4.0,2
3292,1.0,2
3293,3.67,27
3294,4.27,30
3295,3.33,3
3296,2.5,2
3297,3.66,128
3298,3.17,6
3299,4.4,5
3300,3.38,66
3301,5.0,2
3302,2.0,4
3303,3.88,8
3304,4.0,2
3305,3.8,10
3306,2.33,3
3307,3.5,2
3308,2.5,4
3309,5.0,2
3310,3.73,11
3311,2.67,3
3312,3.5,2
3313,3.67,3
3314,2.83,12
3315,3.5,2
3316,3.2,5
3317,3.75,4
3318,4.0,18
3319,2.5,2
3320,1.56,131
3321,4.4,5
3322,2.75,28
3323,2.0,3
3324,3.4,5
3325,5.0,3
3326,3.47,75
3327,5.0,2
3328,2.5,50
3329,4.5,2
3330,4.33,3
3331,4.44,43
3332,3.67,3
3333,3.6,5
3334,3.6,20
3335,2.58,24
3336,3.0,5
3337,4.0,6
3338,3.5,2
3339,2.53,30
3340,4.33,3
3341,4.67,3
3342,4.5,2
3343,1.0,2
3344,1.67,6
3345,4.09,11
3346,3.17,6
3347,4.0,4
3348,5.0,2
3349,3.0,2
3350,3.0,2
3351,5.0,2
3352,2.8,5
3353,3.55,29
3354,3.6,5
3355,5.0,2
3356,2.5,2
3357,2.0,12
3358,4.33,3
3359,4.39,28
3360,2.57,7
3361,5.0,2
3362,3.0,2
3363,3.33,3
3364,1.0,2
3365,4.12,32
3366,3.0,2
3367,2.91,11
3368,5.0,2
3369,1.0,2
3370,4.74,34
3371,4.12,8
3372,4.0,2
3373,4.24,17
3374,4.0,2
3375,4.41,27
3376,5.0,8
3377,2.12,8
3378,5.0,3
3379,3.38,13
3380,2.69,26
3381,3.33,3
3382,3.0,2
3383,4.73,22
3384,3.0,2
3385,3.0,2
3386,4.33,6
3387,4.67,3
3388,4.0,3
3389,3.33,3
3390,4.5,2
3391,3.0,4
3392,3.19,158
3393,2.92,13
3394,4.0,2
3395,3.88,8
3396,3.0,2
3397,4.0,6
3398,5.0,3
3399,4.57,7
3400,5.0,2
3401,3.5,2
3402,3.14,7
3403,4.67,3
3404,4.25,4
3405,4.5,2
3406,1.75,12
3407,2.25,4
3408,3.5,2
3409,3.09,11
3410,4.5,2
3411,3.2,5
3412,4.11,56
3413,4.16,19
3414,1.0,2
3415,3.86,7
3416,2.91,45
3417,4.02,41
3418,5.0,3
3419,1.67,3
3420,3.25,4
3421,1.0,2
3422,3.41,41
3423,3.67,12
3424,3.0,2
3425,3.3,46
3426,4.83,6
3427,3.5,4
3428,4.5,2
3429,2.72,76
3430,4.0,3
3431,3.83,6
3432,3.71,17
3433,3.85,40
3434,3.33,12
3435,4.25,4
3436,3.46,39
3437,4.12,8
3438,3.67,3
3439,3.81,32
3440,3.0,4
3441,2.67,3
3442,4.41,17
3443,3.5,2
3444,4.67,3
3445,4.28,18
3446,4.0,3
3447,2.38,8
3448,5.0,2
3449,3.0,2
3450,2.5,2
3451,3.75,8
3452,4.0,2
3453,3.0,2
3454,3.0,4
3455,4.12,8
3456,2.2,15
3457,4.0,3
3458,4.29,7
3459,3.57,7
3460,3.75,4
3461,4.5,2
3462,2.33,3
3463,4.8,5
3464,3.75,4
3465,4.0,2
3466,4.22,18
3467,4.6,5
3468,1.5,2
3469,5.0,2
3470,3.47,17
3471,5.0,2
3472,4.23,22
3473,3.5,4
3474,4.5,4
3475,4.24,17
3476,3.5,2
3477,3.58,45
3478,2.0,4
3479,4.67,3
3480,5.0,3
3481,4.33,6
3482,4.67,3
3483,2.67,3
3484,5.0,2
3485,4.5,2
3486,3.76,17
3487,3.0,2
3488,1.0,2
3489,3.71,7
3490,4.44,63
3491,4.29,7
3492,2.5,2
3493,3.67,3
3494,4.54,26
3495,2.33,3
3496,3.95,21
3497,2.33,3
3498,3.8,5
3499,3.12,33
3500,3.33,3
3501,3.6,5
3502,4.33,15
3503,2.0,2
3504,1.92,24
3505,3.33,3
3506,4.5,2
3507,1.5,8
3508,4.33,3
3509,3.0,2
3510,1.5,2
3511,4.23,13
3512,3.67,3
3513,4.35,26
3514,3.5,2
3515,3.75,4
3516,4.14,7
3517,1.0,2
3518,3.3,10
3519,4.5,2
3520,3.5,28
3521,4.8,5
3522,5.0,2
3523,4.0,2
3524,2.0,3
3525,4.0,2
3526,5.0,4
3527,4.14,7
3528,5.0,2
3529,4.0,7
3530,2.0,4
3531,3.71,7
3532,3.0,3
3533,3.75,8
3534,3.67,6
3535,3.5,2
3536,4.21,14
3537,4.5,4
3538,4.06,18
3539,2.33,3
3540,3.0,3
3541,4.17,6
3542,3.83,6
3543,4.0,3
3544,2.94,16
3545,4.4,20
3546,3.83,6
3547,3.89,92
3548,2.5,6
3549,4.25,4
3550,5.0,2
3551,4.0,2
3552,4.5,2
3553,4.0,2
3554,1.0,4
3555,4.0,4
3556,3.67,3
3557,3.0,3
3558,4.5,2
3559,1.0,2
3560,4.67,3
3561,3.33,6
3562,3.18,17
3563,2.29,34
3564,3.44,106
3565,3.0,9
3566,1.0,2
3567,2.62,16
3568,1.0,2
3569,4.14,7
3570,3.3,10
3571,4.2,15
3572,4.0,2
3573,2.6,5
3574,2.45,11
3575,3.0,2
3576,3.33,3
3577,3.0,4
3578,3.5,2
3579,2.5,2
3580,4.75,4
3581,1.67,3
3582,3.5,4
3583,3.67,3
3584,4.0,3
3585,3.0,2
3586,2.5,4
3587,3.6,5
3588,4.29,7
3589,1.33,3
3590,3.47,161
3591,3.91,22
3592,4.67,3
3593,3.25,4
3594,2.4,5
3595,2.56,9
3596,3.5,8
3597,3.86,7
3598,1.0,2
3599,2.0,5
3600,3.67,3
3601,3.0,3
3602,5.0,4
3603,3.75,4
3604,4.17,6
3605,2.17,6
3606,2.8,20
3607,3.57,7
3608,3.22,9
3609,3.07,15
3610,5.0,3
3611,3.2,5
3612,3.0,4
3613,3.4,5
3614,5.0,2
3615,1.0,2
3616,3.33,3
3617,5.0,2
3618,3.2,5
3619,3.4,5
3620,3.5,2
3621,4.67,3
3622,4.5,2
3623,4.5,2
3624,4.0,2
3625,5.0,2
3626,3.5,4
3627,5.0,5
3628,3.6,20
3629,4.67,3
3630,2.67,3
3631,4.33,3
3632,4.17,23
3633,4.0,3
3634,2.67,3
3635,5.0,2
3636,2.8,5
3637,3.58,26
3638,3.0,3
3639,1.5,2
3640,4.86,7
3641,2.5,2
3642,3.38,29
3643,1.0,2
3644,4.86,7
3645,3.17,6
3646,4.14,14
3647,2.59,17
3648,4.64,14
3649,2.0,4
3650,1.5,2
3651,4.34,32
3652,2.33,6
3653,2.92,12
3654,4.09,11
3655,4.67,3
3656,3.62,24
3657,1.8,5
3658,4.5,2
3659,5.0,3
3660,3.6,10
3661,4.0,5
3662,4.14,7
3663,4.31,16
3664,3.88,17
3665,3.64,11
3666,1.5,2
3667,3.5,2
3668,2.65,17
3669,3.88,8
3670,4.33,3
3671,4.5,2
3672,4.0,2
3673,2.67,3
3674,1.0,2
3675,3.0,2
3676,4.5,2
3677,3.59,17
3678,3.38,21
3679,4.0,8
3680,2.0,6
3681,3.24,62
3682,3.0,3
3683,3.3,20
3684,4.0,5
3685,4.33,9
3686,1.33,3
3687,4.5,2
3688,1.0,6
3689,4.09,11
3690,1.33,6
3691,3.67,3
3692,4.67,3
3693,2.0,4
3694,1.86,7
3695,1.25,4
3696,3.0,2
3697,4.44,117
3698,4.5,2
3699,4.5,2
3700,5.0,2
3701,1.75,4
3702,4.5,4
3703,5.0,2
3704,5.0,3
3705,2.76,41
3706,2.75,4
3707,3.67,3
3708,3.17,6
3709,2.0,5
3710,3.85,13
3711,2.75,4
3712,5.0,2
3713,4.38,8
3714,4.2,5
3715,3.8,5
3716,1.0,2
3717,4.0,2
3718,3.5,2
3719,2.33,3
3720,2.3,10
3721,5.0,2
3722,3.67,3
3723,1.75,4
3724,4.0,7
3725,2.5,2
3726,4.75,4
3727,2.5,2
3728,4.5,2
3729,4.0,2
3730,2.29,7
3731,4.5,10
3732,3.0,2
3733,2.5,4
3734,5.0,3
3735,3.6,10
3736,4.0,2
3737,3.0,2
3738,2.5,2
3739,2.0,2
3740,3.25,4
3741,4.45,11
3742,1.5,2
3743,3.08,12
3744,4.0,6
3745,3.4,5
3746,5.0,2
3747,1.5,6
3748,3.0,3
3749,5.0,2
3750,4.08,12
3751,3.17,6
3752,4.5,2
3753,3.5,4
3754,3.62,34
3755,4.0,4
3756,3.0,2
3757,3.8,5
3758,3.22,36
3759,5.0,2
3760,4.75,4
3761,2.5,4
3762,3.21,33
3763,2.6,5
3764,1.6,5
3765,3.89,9
3766,4.5,2
3767,3.4,10
3768,5.0,8
3769,5.0,2
3770,3.5,2
3771,3.83,6
3772,1.67,9
3773,4.52,21
3774,5.0,2
3775,5.0,2
3776,2.2,10
3777,5.0,3
3778,3.8,5
3779,4.46,13
3780,4.8,15
3781,4.0,2
3782,4.12,33
3783,4.5,4
3784,3.0,2
3785,2.33,3
3786,3.0,2
3787,3.0,7
3788,4.5,6
3789,2.67,6
3790,2.67,3
3791,2.42,12
3792,3.45,11
3793,4.5,2
3794,2.2,5
3795,5.0,2
3796,1.15,13
3797,1.33,3
3798,1.0,2
3799,3.14,56
3800,5.0,2
3801,2.8,5
3802,4.5,8
3803,4.0,7
3804,5.0,3
3805,4.31,26
3806,3.45,20
3807,4.29,7
3808,4.78,9
3809,3.2,10
3810,3.67,3
3811,4.88,8
3812,4.25,8
3813,5.0,2
3814,5.0,2
3815,4.5,2
3816,4.5,4
3817,4.5,2
3818,2.83,35
3819,4.21,14
3820,3.33,3
3821,3.5,4
3822,4.5,6
3823,4.64,28
3824,4.5,2
3825,2.33,3
3826,5.0,2
3827,1.0,5
3828,3.0,2
3829,4.6,5
3830,3.8,15
3831,2.75,8
3832,5.0,2
3833,4.0,2
3834,5.0,2
3835,3.67,3
3836,1.4,5
3837,4.44,73
3838,3.75,4
3839,4.0,12
3840,4.67,6
3841,3.65,85
3842,4.5,2
3843,5.0,2
3844,3.55,40
3845,5.0,4
3846,4.82,11
3847,2.87,30
3848,2.25,4
3849,2.88,16
3850,4.19,37
3851,3.52,48
3852,3.74,23
3853,4.08,12
3854,4.33,3
3855,2.5,8
3856,3.0,2
3857,1.0,2
3858,2.0,2
3859,4.5,6
3860,5.0,2
3861,3.71,166
3862,5.0,2
3863,4.4,48
3864,3.67,3
3865,2.5,2
3866,1.8,10
3867,3.0,3
3868,4.28,29
3869,4.5,2
3870,2.67,3
3871,2.75,4
3872,3.67,3
3873,1.71,7
3874,3.12,8
3875,2.0,2
3876,4.33,3
3877,2.94,47
3878,3.2,20
3879,2.78,9
3880,5.0,3
3881,3.8,41
3882,3.11,9
3883,4.33,3
3884,4.33,3
3885,1.67,3
3886,2.93,15
3887,5.0,3
3888,3.0,2
3889,5.0,2
3890,4.56,9
3891,3.25,4
3892,1.8,5
3893,4.04,25
3894,1.0,2
3895,3.67,3
3896,2.33,24
3897,4.2,5
3898,3.29,7
3899,4.67,3
3900,4.5,4
3901,2.0,3
3902,3.4,10
3903,4.0,2
3904,3.48,31
3905,3.5,2
3906,3.09,33
3907,4.21,19
3908,4.0,2
3909,3.0,2
3910,4.5,2
3911,5.0,3
3912,4.25,4
3913,3.0,2
3914,4.67,3
3915,4.12,8
3916,5.0,2
3917,4.22,9
3918,4.67,3
3919,2.58,12
3920,2.93,14
3921,4.11,36
3922,2.4,20
3923,3.29,7
3924,3.33,3
3925,2.09,11
3926,4.0,4
3927,3.14,7
3928,4.12,8
3929,4.6,5
3930,3.75,4
3931,4.5,2
3932,4.35,20
3933,3.0,2
3934,5.0,3
3935,4.58,19
3936,3.6,5
3937,5.0,3
3938,3.4,5
3939,4.5,2
3940,1.67,3
3941,4.0,2
3942,4.0,2
3943,3.0,2
3944,2.67,6
3945,3.0,2
3946,1.5,2
3947,3.5,2
3948,3.0,2
3949,2.33,3
3950,3.0,4
3951,2.0,2
3952,4.23,53
3953,5.0,2
3954,3.5,2
3955,2.0,3
3956,3.5,2
3957,3.8,5
3958,3.55,40
3959,5.0,2
3960,4.0,2
3961,1.5,2
3962,5.0,2
3963,4.0,3
3964,3.36,190
3965,2.67,3
3966,1.5,2
3967,5.0,2
3968,3.65,34
3969,3.75,4
3970,4.64,14
3971,4.0,3
3972,5.0,2
3973,3.0,17
3974,4.0,2
3975,3.76,17
3976,5.0,2
3977,4.33,3
3978,4.0,2
3979,3.67,3
3980,4.1,31
3981,4.29,7
3982,4.06,32
3983,1.67,3
3984,4.05,22
3985,3.0,2
3986,3.4,5
3987,3.57,7
3988,4.5,2
3989,4.2,5
3990,4.44,86
3991,4.11,19
3992,4.33,3
3993,3.75,4
3994,1.5,4
3995,2.33,3
3996,3.1,60
3997,3.0,2
3998,3.0,4
3999,5.0,2
4000,3.25,8
4001,4.38,8
4002,1.5,2
4003,3.5,2
4004,4.0,9
4005,3.5,2
4006,4.67,6
4007,3.1,30
4008,3.54,113
4009,3.3,10
4010,2.0,3
4011,4.0,3
4012,3.14,7
4013,4.75,4
4014,2.67,3
4015,5.0,6
4016,3.43,7
4017,4.0,3
4018,4.5,2
4019,3.12,34
4020,5.0,2
4021,4.67,6
4022,4.38,8
4023,3.0,2
4024,4.4,5
4025,5.0,7
4026,4.41,22
4027,3.0,2
4028,4.31,54
4029,5.0,2
4030,3.5,2
4031,3.33,3
4032,3.1,10
4033,3.0,2
4034,3.8,20
4035,3.8,5
4036,4.67,3
4037,1.67,3
4038,4.71,7
4039,4.0,2
4040,5.0,2
4041,2.5,2
4042,1.5,2
4043,2.8,5
4044,5.0,2
4045,3.75,57
4046,5.0,3
4047,5.0,2
4048,5.0,3
4049,4.67,3
4050,3.5,2
4051,3.0,2
4052,3.33,6
4053,4.06,103
4054,3.6,5
4055,3.0,2
4056,2.7,27
4057,3.67,6
4058,3.86,22
4059,3.0,2
4060,4.33,3
4061,1.67,3
4062,3.15,20
4063,2.82,11
4064,2.25,8
4065,5.0,2
4066,4.5,2
4067,2.29,41
4068,2.5,2
4069,3.9,20
4070,2.25,4
4071,4.58,12
4072,3.0,2
4073,4.75,4
4074,5.0,4
4075,3.86,7
4076,4.33,6
4077,4.5,4
4078,2.0,3
4079,5.0,2
4080,3.29,7
4081,3.4,5
4082,3.5,2
4083,4.67,3
4084,4.5,2
4085,5.0,2
4086,3.39,69
4087,4.5,2
4088,2.71,7
4089,4.5,6
4090,4.5,2
4091,2.0,3
4092,1.0,2
4093,4.0,2
4094,3.43,7
4095,2.5,2
4096,3.5,4
4097,4.0,2
4098,5.0,2
4099,4.5,2
4100,5.0,3
4101,3.67,3
4102,2.5,2
4103,3.67,6
4104,3.0,2
4105,2.6,5
4106,5.0,2
4107,5.0,4
4108,2.0,2
4109,5.0,10
4110,3.0,2
4111,4.0,8
4112,2.5,2
4113,3.0,3
4114,4.0,6
4115,4.5,2
4116,2.79,19
4117,3.76,21
4118,4.0,2
4119,4.5,6
4120,4.33,6
4121,3.5,2
4122,2.5,6
4123,3.73,15
4124,3.0,4
4125,4.0,4
4126,1.0,2
4127,3.0,2
4128,4.05,19
4129,5.0,2
4130,2.67,6
4131,2.6,5
4132,2.0,3
4133,4.0,8
4134,4.0,3
4135,1.25,4
4136,3.5,2
4137,3.0,4
4138,2.17,6
4139,5.0,2
4140,4.5,2
4141,3.67,3
4142,2.5,12
4143,1.0,2
4144,3.5,2
4145,2.0,2
4146,3.83,6
4147,3.94,32
4148,5.0,3
4149,3.89,9
4150,4.25,4
4151,2.54,13
4152,5.0,2
4153,3.4,5
4154,4.5,2
4155,4.0,4
4156,4.25,12
4157,4.31,13
4158,3.25,4
4159,4.5,2
4160,5.0,2
4161,4.67,3
4162,3.86,7
4163,3.0,2
4164,4.5,2
4165,3.85,112
4166,4.57,7
4167,3.4,5
4168,2.33,3
4169,3.5,2
4170,1.5,2
4171,4.75,4
4172,4.4,5
4173,2.2,5
4174,3.86,14
4175,3.33,3
4176,2.92,40
4177,2.5,2
4178,3.74,19
4179,3.4,5
4180,5.0,3
4181,4.0,2
4182,3.75,4
4183,1.0,2
4184,3.56,9
4185,3.75,57
4186,3.31,48
4187,2.5,2
4188,5.0,2
4189,3.0,2
4190,2.83,12
4191,2.58,33
4192,4.5,2
4193,3.92,13
4194,2.5,2
4195,3.5,4
4196,5.0,2
4197,3.14,7
4198,2.0,2
4199,3.5,2
4200,1.5,6
4201,4.25,4
4202,3.0,2
4203,1.0,2
4204,3.0,2
4205,3.67,18
4206,3.97,32
4207,3.21,111
4208,3.0,2
4209,4.29,7
4210,1.5,2
4211,4.21,14
4212,3.75,4
4213,4.0,2
4214,2.75,4
4215,5.0,2
4216,3.58,45
4217,3.67,21
4218,4.0,2
4219,1.8,5
4220,3.62,8
4221,5.0,3
4222,5.0,3
4223,4.75,4
4224,3.5,2
4225,3.5,2
4226,5.0,3
4227,4.24,25
4228,4.0,3
4229,1.0,3
4230,1.5,4
4231,1.0,2
4232,4.0,3
4233,2.75,4
4234,3.41,39
4235,1.0,2
4236,2.0,2
4237,1.33,3
4238,3.0,4
4239,3.0,2
4240,4.0,2
4241,5.0,2
4242,2.0,3
4243,5.0,8
4244,4.25,8
4245,3.67,3
4246,3.33,3
4247,4.43,14
4248,4.19,172
4249,3.0,2
4250,2.5,2
4251,5.0,2
4252,3.5,2
4253,3.43,35
4254,4.5,2
4255,2.92,12
4256,3.26,19
4257,3.79,14
4258,3.64,28
4259,3.72,25
4260,3.0,2
4261,4.43,7
4262,5.0,2
4263,5.0,2
4264,4.0,6
4265,3.75,4
4266,4.15,39
4267,3.93,14
4268,3.18,11
4269,2.75,4
4270,3.65,23
4271,3.17,6
4272,3.71,7
4273,2.0,2
4274,4.0,6
4275,3.61,46
4276,5.0,2
4277,4.67,9
4278,2.64,11
4279,3.4,10
4280,5.0,2
4281,4.0,5
4282,3.67,3
4283,4.28,395
4284,3.88,8
4285,3.5,4
4286,3.33,12
4287,3.0,2
4288,4.39,31
4289,4.5,2
4290,3.9,10
4291,3.8,41
4292,2.67,3
4293,5.0,2
4294,4.5,4
4295,2.33,3
4296,3.5,6
4297,2.5,2
4298,4.12,8
4299,2.33,6
4300,4.33,3
4301,3.44,36
4302,4.5,2
4303,4.14,7
4304,2.5,2
4305,5.0,2
4306,4.21,33
4307,4.2,5
4308,2.92,24
4309,3.0,3
4310,3.0,3
4311,3.0,2
4312,4.33,6
4313,3.85,117
4314,5.0,2
4315,3.0,4
4316,4.0,2
4317,3.67,3
4318,3.0,2
4319,3.0,2
4320,3.77,13
4321,3.0,7
4322,4.75,4
4323,2.2,5
4324,2.92,12
4325,3.79,14
4326,5.0,16
4327,2.83,6
4328,4.25,16
4329,4.46,13
4330,4.0,2
4331,5.0,2
4332,2.0,6
4333,1.0,4
4334,3.21,14
4335,2.0,6
4336,3.6,5
4337,3.35,57
4338,5.0,2
4339,3.51,37
4340,3.17,6
4341,4.38,24
4342,4.17,6
4343,4.0,2
4344,3.6,60
4345,2.17,6
4346,1.0,2
4347,3.0,5
4348,3.67,3
4349,4.0,3
4350,3.4,5
4351,2.0,2
4352,3.0,5
4353,4.7,10
4354,3.67,3
4355,4.67,3
4356,5.0,3
4357,3.0,2
4358,2.2,10
4359,3.0,2
4360,4.33,3
4361,1.0,2
4362,3.73,15
4363,4.38,8
4364,2.0,14
4365,2.6,5
4366,3.5,4
4367,3.33,3
4368,4.67,3
4369,5.0,2
4370,3.67,3
4371,5.0,4
4372,5.0,3
4373,3.0,2
4374,3.0,2
4375,3.96,51
4376,2.67,6
4377,2.83,6
4378,2.2,5
4379,4.67,3
4380,3.37,30
4381,2.6,5
4382,3.12,8
4383,5.0,2
4384,3.0,2
4385,1.0,2
4386,4.4,5
4387,5.0,2
4388,3.09,11
4389,1.0,2
4390,5.0,2
4391,2.5,2
4392,3.11,9
4393,4.0,3
4394,3.75,4
4395,2.9,10
4396,1.5,2
4397,4.5,2
4398,3.7,37
4399,2.33,3
4400,3.5,4
4401,4.5,2
4402,4.5,2
4403,3.67,18
4404,2.33,3
4405,2.5,2
4406,3.2,5
4407,5.0,2
4408,3.5,2
4409,3.0,2
4410,4.25,12
4411,4.27,11
4412,3.38,8
4413,5.0,2
4414,2.0,2
4415,5.0,2
4416,2.8,5
4417,3.0,2
4418,3.04,25
4419,3.0,6
4420,4.83,12
4421,3.52,107
4422,3.75,4
4423,5.0,2
4424,5.0,2
4425,5.0,2
4426,1.5,2
4427,4.0,2
4428,4.25,4
4429,4.5,2
4430,3.0,2
4431,3.32,85
4432,4.2,5
4433,1.67,3
4434,4.06,16
4435,2.0,2
4436,5.0,2
4437,2.5,4
4438,3.38,8
4439,4.0,2
4440,1.33,3
4441,2.0,2
4442,2.75,4
4443,3.57,109
4444,4.6,5
4445,2.6,5
4446,4.75,4
4447,5.0,3
4448,4.0,2
4449,1.67,6
4450,4.0,2
4451,3.93,30
4452,4.0,3
4453,4.32,38
4454,4.0,2
4455,4.33,3
4456,2.75,4
4457,3.2,5
4458,3.5,2
4459,4.0,2
4460,3.75,4
4461,3.0,2
4462,3.5,2
4463,3.43,14
4464,3.0,8
4465,2.0,2
4466,3.67,6
4467,5.0,2
4468,1.33,3
4469,1.56,9
4470,3.25,16
4471,4.04,68
4472,4.43,14
4473,2.5,2
4474,2.62,8
4475,5.0,2
4476,5.0,2
4477,3.8,5
4478,3.67,3
4479,3.75,4
4480,3.2,35
4481,3.17,6
4482,4.75,4
4483,2.0,8
4484,2.0,3
4485,1.43,7
4486,4.0,5
4487,5.0,3
4488,2.6,5
4489,3.2,5
4490,1.0,2
4491,4.71,14
4492,3.0,2
4493,4.33,3
4494,3.0,2
4495,3.75,4
4496,3.0,2
4497,3.75,4
4498,3.25,8
4499,4.12,16
4500,3.75,150
4501,4.0,3
4502,4.63,30
4503,3.16,167
4504,4.4,20
4505,1.0,2
4506,3.5,2
4507,5.0,3
4508,2.0,2
4509,3.0,2
4510,4.26,90
4511,3.4,5
4512,2.93,70
4513,2.0,2
4514,3.0,6
4515,4.5,2
4516,2.33,3
4517,4.5,4
4518,4.71,7
4519,4.2,5
4520,4.2,10
4521,3.0,2
4522,2.57,7
4523,2.0,2
4524,4.5,4
4525,2.5,10
4526,2.33,3
4527,3.5,2
4528,2.0,2
4529,3.33,15
4530,4.75,4
4531,5.0,2
4532,3.0,2
4533,2.83,6
4534,3.33,3
4535,5.0,2
4536,4.2,267
4537,3.0,2
4538,5.0,2
4539,3.0,2
4540,3.4,5
4541,1.0,2
4542,3.5,2
4543,4.75,4
4544,3.33,3
4545,2.6,5
4546,4.46,112
4547,3.89,9
4548,3.0,4
4549,4.0,3
4550,3.67,3
4551,3.5,4
4552,4.67,3
4553,3.17,46
4554,5.0,3
4555,4.2,5
4556,2.0,3
4557,3.5,2
4558,3.33,12
4559,4.41,215
4560,3.5,2
4561,3.77,47
4562,3.75,142
4563,4.62,8
4564,4.0,4
4565,2.75,8
4566,3.5,2
4567,2.25,8
4568,4.5,2
4569,4.45,11
4570,3.42,31
4571,4.67,3
4572,4.0,3
4573,3.5,2
4574,4.33,3
4575,3.0,2
4576,3.67,3
4577,3.0,2
4578,5.0,3
4579,4.0,2
4580,2.0,4
4581,4.0,6
4582,3.75,268
4583,4.0,2
4584,3.67,3
4585,1.36,28
4586,3.0,7
4587,2.44,18
4588,2.5,2
4589,4.0,11
4590,1.0,2
4591,4.0,2
4592,5.0,3
4593,2.06,51
4594,4.67,3
4595,1.25,4
4596,4.63,30
4597,4.83,6
4598,4.29,28
4599,3.47,47
4600,3.71,7
4601,4.5,2
4602,2.2,5
4603,2.78,9
4604,2.38,8
4605,3.5,6
4606,5.0,2
4607,1.0,3
4608,4.2,10
4609,4.37,406
4610,2.12,8
4611,4.0,5
4612,3.0,2
4613,3.0,2
4614,3.7,20
4615,4.0,2
4616,4.0,3
4617,4.0,2
4618,3.02,54
4619,4.0,2
4620,3.67,3
4621,3.0,2
4622,4.08,13
4623,1.0,2
4624,5.0,3
4625,3.4,5
4626,1.69,35
4627,2.33,3
4628,1.0,2
4629,3.5,16
4630,3.67,3
4631,3.6,10
4632,3.6,5
4633,3.75,4
4634,1.0,3
4635,4.75,4
4636,3.33,9
4637,3.33,12
4638,3.67,3
4639,2.5,4
4640,4.17,196
4641,2.67,9
4642,2.0,9
4643,2.25,4
4644,3.8,5
4645,5.0,2
4646,3.15,13
4647,5.0,3
4648,1.93,27
4649,2.75,4
4650,4.5,2
4651,3.0,3
4652,3.33,3
4653,2.0,2
4654,3.5,2
4655,2.5,2
4656,2.81,31
4657,4.47,57
4658,3.25,4
4659,5.0,2
4660,2.23,30
4661,4.0,2
4662,3.86,7
4663,4.0,2
4664,3.5,2
4665,4.0,2
4666,2.15,13
4667,5.0,2
4668,3.11,45
4669,3.6,5
4670,1.5,4
4671,3.0,2
4672,2.5,4
4673,4.14,7
4674,3.67,6
4675,4.4,5
4676,4.33,3
4677,5.0,3
4678,2.5,2
4679,5.0,2
4680,3.33,3
4681,2.75,4
4682,4.33,3
4683,3.6,10
4684,4.4,5
4685,5.0,2
4686,4.0,2
4687,4.33,3
4688,1.0,3
4689,4.12,17
4690,1.33,3
4691,3.0,16
4692,5.0,2
4693,4.47,17
4694,4.33,3
4695,2.82,11
4696,2.23,31
4697,3.33,6
4698,3.75,4
4699,2.9,10
4700,2.0,4
4701,3.33,6
4702,3.67,3
4703,1.6,5
4704,3.73,135
4705,4.77,13
4706,4.0,6
4707,5.0,2
4708,4.5,2
4709,5.0,2
4710,5.0,3
4711,4.6,5
4712,4.13,38
4713,4.0,2
4714,4.17,6
4715,3.33,3
4716,4.0,5
4717,5.0,5
4718,4.0,8
4719,3.5,2
4720,3.78,9
4721,2.5,2
4722,5.0,2
4723,4.75,4
4724,4.0,2
4725,4.0,4
4726,2.91,11
4727,3.88,8
4728,2.33,3
4729,3.44,9
4730,4.5,2
4731,3.4,5
4732,3.75,4
4733,4.11,27
4734,1.0,2
4735,1.5,4
4736,4.25,12
4737,3.0,3
4738,3.95,19
4739,5.0,2
4740,4.43,7
4741,5.0,2
4742,3.5,2
4743,1.33,6
4744,3.94,18
4745,2.0,2
4746,4.55,11
4747,2.33,3
4748,2.7,10
4749,3.68,57
4750,4.0,2
4751,3.0,2
4752,1.0,2
4753,4.0,3
4754,3.88,34
4755,3.67,12
4756,3.33,6
4757,5.0,2
4758,3.22,9
4759,2.5,2
4760,5.0,2
4761,3.0,2
4762,3.62,24
4763,4.87,23
4764,4.67,6
4765,4.67,3
4766,4.17,6
4767,1.67,6
4768,3.25,4
4769,3.4,25
4770,3.75,4
4771,4.67,3
4772,2.0,3
4773,5.0,2
4774,1.29,7
4775,3.33,6
4776,4.75,4
4777,4.18,38
4778,3.17,6
4779,3.5,2
4780,2.9,10
4781,2.0,3
4782,2.0,2
4783,2.8,5
4784,2.67,3
4785,3.67,3
4786,3.0,2
4787,1.79,19
4788,3.83,6
4789,4.0,5
4790,4.06,102
4791,3.4,20
4792,3.0,2
4793,5.0,2
4794,3.0,2
4795,2.92,12
4796,3.33,3
4797,1.8,5
4798,1.0,3
4799,1.38,8
4800,4.5,2
4801,4.11,18
4802,5.0,2
4803,3.33,3
4804,5.0,2
4805,4.33,3
4806,4.33,3
4807,5.0,2
4808,3.0,29
4809,2.75,4
4810,4.22,9
4811,2.5,2
4812,4.24,66
4813,5.0,2
4814,1.0,3
4815,3.2,5
4816,4.5,442
4817,5.0,2
4818,1.0,2
4819,4.75,4
4820,3.5,2
4821,3.67,43
4822,2.67,3
4823,1.0,2
4824,3.5,2
4825,4.53,17
4826,5.0,4
4827,4.0,2
4828,1.5,2
4829,5.0,2
4830,2.25,4
4831,2.6,10
4832,3.33,3
4833,2.0,8
4834,4.43,7
4835,4.07,14
4836,5.0,3
4837,4.3,10
4838,4.0,3
4839,4.7,10
4840,4.25,20
4841,3.33,3
4842,4.67,3
4843,2.0,3
4844,3.33,3
4845,4.0,3
4846,3.0,2
4847,3.0,7
4848,3.33,3
4849,1.5,2
4850,4.33,81
4851,4.5,2
4852,3.0,2
4853,2.33,3
4854,4.33,3
4855,3.83,6
4856,4.0,4
4857,5.0,2
4858,2.67,3
4859,5.0,2
4860,3.03,31
4861,4.4,10
4862,3.8,5
4863,4.5,2
4864,4.67,6
4865,3.0,2
4866,3.73,22
4867,2.75,4
4868,4.0,3
4869,4.5,4
4870,2.98,46
4871,2.8,70
4872,3.55,11
4873,1.5,2
4874,4.08,24
4875,4.14,7
4876,3.09,58
4877,3.5,4
4878,4.0,3
4879,1.5,2
4880,3.5,2
4881,5.0,4
4882,2.92,12
4883,4.75,4
4884,3.0,2
4885,4.62,8
4886,3.0,2
4887,3.0,2
4888,3.67,9
4889,2.71,7
4890,1.0,5
4891,4.0,5
4892,2.8,5
4893,3.67,3
4894,3.0,2
4895,3.5,2
4896,3.33,3
4897,3.0,2
4898,4.0,2
4899,3.57,7
4900,2.0,2
4901,4.67,3
4902,4.5,4
4903,4.0,2
4904,4.5,4
4905,4.0,8
4906,3.4,5
4907,3.62,8
4908,3.0,5
4909,4.14,7
4910,1.0,2
4911,3.75,4
4912,5.0,2
4913,2.67,3
4914,4.0,2
4915,3.0,2
4916,5.0,2
4917,4.6,5
4918,3.0,2
4919,3.0,9
4920,5.0,4
4921,1.0,2
4922,2.0,2
4923,4.6,5
4924,2.0,6
4925,4.29,7
4926,4.56,9
4927,2.0,3
4928,4.8,5
4929,4.0,7
4930,5.0,2
4931,3.8,10
4932,4.67,6
4933,3.5,2
4934,5.0,2
4935,3.5,2
4936,2.0,6
4937,3.0,2
4938,4.0,2
4939,3.18,113
4940,2.17,23
4941,2.4,20
4942,3.54,13
4943,4.0,4
4944,4.5,2
4945,3.2,10
4946,4.4,40
4947,1.67,3
4948,3.0,2
4949,2.33,3
4950,4.25,4
4951,4.75,4
4952,2.33,3
4953,3.11,9
4954,3.0,2
4955,3.52,50
4956,3.0,2
4957,1.0,2
4958,5.0,2
4959,4.67,3
4960,3.0,4
4961,3.5,8
4962,3.0,2
4963,3.0,3
4964,4.67,3
4965,3.82,11
4966,3.5,2
4967,3.5,2
4968,2.67,3
4969,1.5,2
4970,4.0,17
4971,1.33,3
4972,3.0,3
4973,3.67,6
4974,3.33,6
4975,2.8,5
4976,3.31,32
4977,3.67,6
4978,2.8,5
4979,5.0,2
4980,1.5,4
4981,3.0,2
4982,4.56,16
4983,4.25,4
4984,4.5,2
4985,4.5,6
4986,5.0,2
4987,3.8,5
4988,4.0,5
4989,3.0,2
4990,2.0,2
4991,4.67,3
4992,1.67,3
4993,3.5,8
4994,3.0,10
4995,2.67,3
4996,3.17,6
4997,5.0,2
4998,2.0,2
4999,2.5,2
5000,3.45,11
5001,3.67,3
5002,4.29,7
5003,1.8,5
5004,3.5,6
5005,3.0,2
5006,3.33,3
5007,3.0,2
5008,4.14,121
5009,4.5,4
5010,2.0,3
5011,3.0,2
5012,3.0,2
5013,4.75,4
5014,5.0,2
5015,1.5,2
5016,3.0,4
5017,3.29,7
5018,4.33,3
5019,3.0,2
5020,1.93,15
5021,2.67,3
5022,4.0,3
5023,4.67,9
5024,2.0,22
5025,2.4,5
5026,3.15,13
5027,4.25,4
5028,5.0,3
5029,2.0,4
5030,4.0,6
5031,4.0,6
5032,2.6,5
5033,4.75,8
5034,3.71,21
5035,2.5,2
5036,5.0,6
5037,2.35,17
5038,5.0,2
5039,3.33,45
5040,1.5,2
5041,4.0,2
5042,4.0,2
5043,4.0,4
5044,5.0,8
5045,4.67,9
5046,4.33,3
5047,4.0,3
5048,1.6,5
5049,2.89,36
5050,3.67,3
5051,4.26,19
5052,5.0,2
5053,1.5,2
5054,4.44,9
5055,3.2,40
5056,5.0,2
5057,3.33,3
5058,3.33,3
5059,3.75,4
5060,3.29,7
5061,5.0,3
5062,3.0,2
5063,3.0,3
5064,4.67,3
5065,4.57,7
5066,2.97,514
5067,1.5,2
5068,3.66,41
5069,1.0,2
5070,3.5,12
5071,5.0,2
5072,5.0,2
5073,5.0,2
5074,4.67,3
5075,3.0,5
5076,4.05,22
5077,3.62,8
5078,4.17,6
5079,2.95,21
5080,3.11,45
5081,4.5,8
5082,3.0,2
5083,4.0,2
5084,4.18,40
5085,3.15,13
5086,3.67,6
5087,3.5,2
5088,4.67,3
5089,4.16,19
5090,4.5,2
5091,4.32,69
5092,4.29,7
5093,5.0,2
5094,4.91,11
5095,2.43,44
5096,3.33,3
5097,4.0,2
5098,3.83,6
5099,3.65,133
5100,4.32,53
5101,4.0,42
5102,3.83,6
5103,2.5,2
5104,2.33,3
5105,4.67,3
5106,4.75,8
5107,1.0,2
5108,3.0,2
5109,4.0,4
5110,4.33,6
5111,4.07,44
5112,4.0,4
5113,5.0,3
5114,2.6,5
5115,4.45,11
5116,3.83,6
5117,3.6,112
5118,4.78,9
5119,2.65,20
5120,2.75,4
5121,4.0,3
5122,4.0,3
5123,3.0,2
5124,3.53,17
5125,4.5,4
5126,2.5,2
5127,3.45,11
5128,4.19,16
5129,3.6,20
5130,3.5,2
5131,2.33,3
5132,4.5,8
5133,1.0,2
5134,3.47,43
5135,3.43,7
5136,3.06,18
5137,4.5,2
5138,2.0,4
5139,1.4,30
5140,5.0,2
5141,5.0,2
5142,4.0,2
5143,4.12,8
5144,1.0,2
5145,4.33,9
5146,5.0,2
5147,3.33,6
5148,3.75,12
5149,2.33,6
5150,3.71,7
5151,2.0,2
5152,2.67,3
5153,4.0,2
5154,2.59,80
5155,2.83,6
5156,3.67,3
5157,5.0,2
5158,4.33,3
5159,4.27,15
5160,3.25,4
5161,4.37,664
5162,2.38,8
5163,3.33,3
5164,4.22,298
5165,1.9,29
5166,1.94,18
5167,5.0,2
5168,2.5,2
5169,3.69,13
5170,4.8,5
5171,2.6,5
5172,3.67,3
5173,4.5,2
5174,1.81,16
5175,4.41,17
5176,2.17,6
5177,3.6,5
5178,2.44,9
5179,5.0,2
5180,3.0,2
5181,3.33,3
5182,1.75,4
5183,5.0,2
5184,4.0,2
5185,4.08,62
5186,3.81,90
5187,4.0,3
5188,3.5,4
5189,3.47,19
5190,3.8,49
5191,5.0,2
5192,4.0,2
5193,4.33,3
5194,3.72,40
5195,4.0,10
5196,3.88,8
5197,5.0,3
5198,2.0,10
5199,5.0,10
5200,3.83,6
5201,4.05,20
5202,4.0,3
5203,3.0,4
5204,4.7,30
5205,4.5,2
5206,3.0,3
5207,4.38,8
5208,2.89,28
5209,1.0,2
5210,3.33,3
5211,3.0,2
5212,3.73,131
5213,3.65,46
5214,5.0,2
5215,4.0,32
5216,3.34,32
5217,3.25,4
5218,2.67,3
5219,5.0,4
5220,1.0,2
5221,2.3,33
5222,3.67,3
5223,3.71,7
5224,2.63,19
5225,2.33,3
5226,2.0,2
5227,3.5,2
5228,2.0,3
5229,3.0,2
5230,2.33,3
5231,4.5,2
5232,3.0,2
5233,2.5,2
5234,5.0,3
5235,2.4,5
5236,2.83,6
5237,3.24,21
5238,4.67,3
5239,3.14,7
5240,4.5,2
5241,4.12,8
5242,5.0,8
5243,2.67,3
5244,3.32,72
5245,2.0,6
5246,5.0,3
5247,4.0,6
5248,3.22,9
5249,3.18,11
5250,3.0,2
5251,2.12,24
5252,3.11,38
5253,3.83,6
5254,3.5,2
5255,3.0,2
5256,4.0,6
5257,3.25,51
5258,3.63,63
5259,3.0,6
5260,3.67,3
5261,5.0,2
5262,1.0,2
5263,4.0,2
5264,4.2,5
5265,5.0,2
5266,3.29,7
5267,4.4,5
5268,1.5,2
5269,2.5,2
5270,3.05,95
5271,3.67,3
5272,2.5,2
5273,1.5,2
5274,4.57,7
5275,4.57,14
5276,5.0,3
5277,3.33,3
5278,4.14,14
5279,4.25,4
5280,4.08,12
5281,4.5,2
5282,4.57,7
5283,2.0,8
5284,3.67,6
5285,3.25,4
5286,3.0,11
5287,5.0,2
5288,3.67,3
5289,3.43,7
5290,1.9,71
5291,3.6,5
5292,5.0,3
5293,2.67,18
5294,1.0,2
5295,3.33,3
5296,5.0,2
5297,4.67,3
5298,3.0,3
5299,3.33,3
5300,4.29,7
5301,3.12,8
5302,3.5,8
5303,3.5,12
5304,3.03,31
5305,4.0,8
5306,4.0,7
5307,4.5,2
5308,2.47,15
5309,4.71,7
5310,4.33,3
5311,3.25,4
5312,5.0,3
5313,5.0,2
5314,3.5,2
5315,4.2,20
5316,1.0,3
5317,4.5,2
5318,3.64,14
5319,4.8,5
5320,2.91,11
5321,4.5,2
5322,2.78,9
5323,3.67,3
5324,4.0,2
5325,2.5,2
5326,3.0,3
5327,3.64,45
5328,4.5,4
5329,4.75,4
5330,3.0,2
5331,2.56,9
5332,3.83,6
5333,4.0,3
5334,4.5,2
5335,5.0,3
5336,3.0,2
5337,1.5,4
5338,3.67,6
5339,5.0,2
5340,2.5,10
5341,4.0,2
5342,5.0,3
5343,3.25,4
5344,1.0,2
5345,1.0,4
5346,4.5,4
5347,1.33,3
5348,3.2,5
5349,3.0,3
5350,2.71,7
5351,3.2,5
5352,4.5,2
5353,3.5,2
5354,5.0,3
5355,3.0,4
5356,3.75,4
5357,3.5,2
5358,2.67,3
5359,3.0,8
5360,3.9,10
5361,3.0,4
5362,3.47,45
5363,3.67,3
5364,5.0,4
5365,3.0,2
5366,3.73,11
5367,3.01,80
5368,4.67,3
5369,3.67,6
5370,4.5,2
5371,3.67,9
5372,2.87,15
5373,5.0,2
5374,1.0,3
5375,3.75,8
5376,3.0,6
5377,3.0,2
5378,3.0,4
5379,3.0,2
5380,3.67,6
5381,4.36,22
5382,5.0,2
5383,2.23,62
5384,3.25,4
5385,5.0,2
5386,5.0,2
5387,3.43,7
5388,3.48,25
5389,3.46,48
5390,1.67,6
5391,4.28,46
5392,5.0,2
5393,2.8,5
5394,1.92,12
5395,4.52,23
5396,3.0,2
5397,3.0,4
5398,5.0,2
5399,3.67,6
5400,1.33,9
5401,4.33,3
5402,2.33,3
5403,3.67,3
5404,4.67,6
5405,2.83,6
5406,2.5,2
5407,3.0,2
5408,5.0,2
5409,3.67,3
5410,3.5,8
5411,2.89,9
5412,4.0,12
5413,4.67,3
5414,3.0,2
5415,4.5,2
5416,3.5,2
5417,2.0,7
5418,3.5,2
5419,3.0,2
5420,4.5,4
5421,3.56,9
5422,3.67,3
5423,3.0,3
5424,1.0,2
5425,4.1,94
5426,4.0,4
5427,3.0,2
5428,4.5,4
5429,5.0,2
5430,4.56,9
5431,3.25,4
5432,3.0,2
5433,2.33,9
5434,3.87,92
5435,2.23,13
5436,4.5,2
5437,3.5,2
5438,1.0,2
5439,5.0,4
5440,5.0,2
5441,3.5,12
5442,4.1,10
5443,2.23,13
5444,4.0,2
5445,5.0,8
5446,3.66,62
5447,3.22,9
5448,3.57,30
5449,1.29,7
5450,4.0,2
5451,3.88,16
5452,4.14,7
5453,2.5,2
5454,4.0,7
5455,4.0,2
5456,4.5,2
5457,3.4,5
5458,2.67,3
5459,3.43,7
5460,2.25,4
5461,2.5,8
5462,4.17,18
5463,3.26,19
5464,4.15,47
5465,5.0,3
5466,4.0,8
5467,3.22,9
5468,4.43,42
5469,5.0,2
5470,4.5,6
5471,3.82,22
5472,4.67,3
5473,3.0,5
5474,4.18,11
5475,3.67,3
5476,4.36,11
5477,2.37,27
5478,5.0,2
5479,5.0,2
5480,1.0,2
5481,4.5,2
5482,3.0,2
5483,1.0,3
5484,4.5,12
5485,3.0,2
5486,4.22,32
5487,1.5,4
5488,3.67,3
5489,3.67,9
5490,4.33,3
5491,3.33,3
5492,2.83,6
5493,2.75,8
5494,2.4,5
5495,5.0,2
5496,3.18,33
5497,4.0,2
5498,3.75,8
5499,4.35,26
5500,2.0,12
5501,5.0,2
5502,4.32,53
5503,3.75,4
5504,1.67,3
5505,4.0,2
5506,3.8,10
5507,4.8,5
5508,4.0,3
5509,3.5,2
5510,3.0,2
5511,5.0,2
5512,2.5,2
5513,5.0,2
5514,3.0,3
5515,3.0,7
5516,1.0,2
5517,3.0,4
5518,3.67,3
5519,2.84,43
5520,3.5,2
5521,2.67,3
5522,3.0,2
5523,3.43,7
5524,4.33,3
5525,5.0,3
5526,2.33,3
5527,3.27,49
5528,3.53,17
5529,2.74,35
5530,3.33,3
5531,3.5,4
5532,4.5,2
5533,5.0,2
5534,3.0,2
5535,4.5,2
5536,3.75,4
5537,5.0,5
5538,3.54,153
5539,3.91,33
5540,4.0,10
5541,4.0,4
5542,5.0,8
5543,3.0,2
5544,2.5,2
5545,3.56,18
5546,3.76,37
5547,4.33,6
5548,3.33,3
5549,3.11,9
5550,5.0,2
5551,3.4,5
5552,3.5,6
5553,2.17,6
5554,4.05,81
5555,4.33,3
5556,4.22,9
5557,3.6,15
5558,4.14,14
5559,4.25,4
5560,4.12,32
5561,4.39,23
5562,1.0,2
5563,3.0,2
5564,3.12,8
5565,4.33,3
5566,2.5,2
5567,3.65,23
5568,4.33,3
5569,2.5,2
5570,3.75,4
5571,4.23,31
5572,3.5,4
5573,3.72,40
5574,2.8,5
5575,4.0,4
5576,2.5,4
5577,2.36,25
5578,1.75,8
5579,3.0,4
5580,1.8,5
5581,4.31,13
5582,1.64,11
5583,2.75,4
5584,3.5,4
5585,5.0,3
5586,4.0,3
5587,3.0,46
5588,2.33,12
5589,3.0,2
5590,3.71,14
5591,2.5,2
5592,3.5,2
5593,4.0,4
5594,3.5,2
5595,5.0,2
5596,1.0,2
5597,3.09,23
5598,4.5,2
5599,4.5,2
5600,2.5,2
5601,4.17,6
5602,4.0,2
5603,3.0,2
5604,4.0,2
5605,4.33,6
5606,3.67,6
5607,2.75,4
5608,4.4,5
5609,4.5,2
5610,3.5,2
5611,5.0,9
5612,3.73,30
5613,4.33,3
5614,3.33,3
5615,2.0,2
5616,3.25,4
5617,3.31,42
5618,4.4,5
5619,3.5,2
5620,2.4,5
5621,2.0,2
5622,2.21,14
5623,4.5,6
5624,4.0,3
5625,1.67,3
5626,2.72,79
5627,4.28,32
5628,3.91,23
5629,3.83,12
5630,3.8,10
5631,4.2,25
5632,3.47,57
5633,3.5,2
5634,1.75,4
5635,4.25,44
5636,2.0,2
5637,3.67,6
5638,4.33,3
5639,5.0,3
5640,3.0,4
5641,3.67,3
5642,5.0,2
5643,4.5,2
5644,4.67,3
5645,4.0,2
5646,4.0,3
5647,4.8,5
5648,4.33,3
5649,3.75,4
5650,1.0,3
5651,4.4,5
5652,3.43,7
5653,4.0,2
5654,2.62,8
5655,4.5,4
5656,3.42,19
5657,4.0,5
5658,2.33,3
5659,2.5,2
5660,4.0,6
5661,3.0,2
5662,5.0,2
5663,4.0,2
5664,3.53,76
5665,3.5,2
5666,4.5,4
5667,4.23,13
5668,4.5,2
5669,3.0,2
5670,3.33,3
5671,3.0,2
5672,3.64,44
5673,3.0,2
5674,3.0,4
5675,4.44,9
5676,2.82,17
5677,4.0,4
5678,3.17,23
5679,4.25,4
5680,4.0,2
5681,3.88,8
5682,5.0,2
5683,4.0,6
5684,1.0,2
5685,4.5,2
5686,2.5,2
5687,3.0,2
5688,2.91,11
5689,4.25,4
5690,4.69,16
5691,4.0,2
5692,4.0,8
5693,3.67,63
5694,2.57,7
5695,4.33,3
5696,4.38,40
5697,2.67,3
5698,4.33,3
5699,2.67,3
5700,5.0,2
5701,2.5,2
5702,4.31,133
5703,4.0,4
5704,5.0,2
5705,4.0,8
5706,4.17,6
5707,1.0,2
5708,4.0,9
5709,4.5,20
5710,3.74,19
5711,1.0,4
5712,3.09,11
5713,2.0,2
5714,5.0,3
5715,5.0,2
5716,2.5,2
5717,4.0,8
5718,2.0,3
5719,3.78,9
5720,4.33,3
5721,3.91,22
5722,3.5,2
5723,3.0,2
5724,3.67,30
5725,4.0,4
5726,3.09,11
5727,4.5,2
5728,5.0,4
5729,2.33,3
5730,4.14,14
5731,4.0,2
5732,2.0,2
5733,2.75,4
5734,5.0,2
5735,4.71,7
5736,5.0,3
5737,3.5,2
5738,4.3,10
5739,3.77,30
5740,2.18,17
5741,4.0,4
5742,3.0,2
5743,3.25,8
5744,3.75,4
5745,3.9,10
5746,3.75,4
5747,3.0,4
5748,4.0,4
5749,2.0,4
5750,4.43,7
5751,4.24,42
5752,4.25,8
5753,4.0,4
5754,5.0,2
5755,5.0,6
5756,5.0,2
5757,2.92,12
5758,3.5,4
5759,2.88,8
5760,2.25,4
5761,4.2,5
5762,3.91,11
5763,3.0,2
5764,5.0,4
5765,4.05,21
5766,4.0,3
5767,2.5,2
5768,3.0,3
5769,3.6,5
5770,4.09,11
5771,1.92,12
5772,5.0,3
5773,3.83,18
5774,3.76,164
5775,1.0,3
5776,3.28,32
5777,4.5,2
5778,4.0,3
5779,4.0,11
5780,2.29,14
5781,3.4,5
5782,4.0,4
5783,3.5,8
5784,4.67,3
5785,3.5,4
5786,3.0,4
5787,3.87,15
5788,4.86,7
5789,1.25,8
5790,3.33,3
5791,3.48,54
5792,2.21,14
5793,4.49,68
5794,3.68,34
5795,4.18,38
5796,4.82,11
5797,4.5,2
5798,2.33,6
5799,4.0,3
5800,4.8,5
5801,3.25,4
5802,4.0,2
5803,1.33,3
5804,3.5,4
5805,4.5,2
5806,4.5,2
5807,5.0,3
5808,2.0,3
5809,1.5,2
5810,3.8,5
5811,3.0,2
5812,4.0,5
5813,3.0,2
5814,3.63,43
5815,4.54,46
5816,4.18,11
5817,4.0,2
5818,4.5,2
5819,4.0,3
5820,2.0,7
5821,3.91,32
5822,5.0,3
5823,3.67,3
5824,3.67,3
5825,1.5,2
5826,3.08,74
5827,3.5,2
5828,4.0,2
5829,3.6,5
5830,4.25,4
5831,4.0,5
5832,4.0,2
5833,2.67,3
5834,3.77,13
5835,3.62,13
5836,5.0,2
5837,5.0,8
5838,2.25,4
5839,4.5,2
5840,3.5,8
5841,4.19,54
5842,2.0,3
5843,1.75,4
5844,5.0,2
5845,4.5,10
5846,2.0,5
5847,4.33,9
5848,4.12,8
5849,3.62,26
5850,1.0,2
5851,4.0,2
5852,5.0,2
5853,5.0,3
5854,4.0,4
5855,3.92,12
5856,5.0,4
5857,2.77,13
5858,4.0,10
5859,5.0,2
5860,1.71,14
5861,3.12,8
5862,3.56,18
5863,3.5,2
5864,4.24,54
5865,2.75,4
5866,4.5,8
5867,4.22,9
5868,3.92,52
5869,3.75,4
5870,3.33,30
5871,4.33,6
5872,3.75,8
5873,5.0,2
5874,2.6,5
5875,1.5,2
5876,5.0,2
5877,3.75,4
5878,5.0,4
5879,3.76,49
5880,4.5,2
5881,4.5,2
5882,5.0,3
5883,3.5,4
5884,2.5,2
5885,4.5,4
5886,3.14,42
5887,1.0,2
5888,3.0,2
5889,4.0,2
5890,2.0,4
5891,1.5,2
5892,4.0,3
5893,4.28,36
5894,5.0,2
5895,4.5,2
5896,3.5,16
5897,2.33,3
5898,3.5,2
5899,5.0,2
5900,4.86,7
5901,2.0,4
5902,5.0,2
5903,2.73,15
5904,3.94,49
5905,4.38,82
5906,3.8,5
5907,4.5,2
5908,3.0,28
5909,4.45,11
5910,3.83,6
5911,4.0,3
5912,3.67,3
5913,5.0,2
5914,4.5,4
5915,2.0,4
5916,5.0,2
5917,4.38,13
5918,3.14,7
5919,3.71,55
5920,3.8,5
5921,5.0,2
5922,2.5,6
5923,4.41,280
5924,4.0,4
5925,2.5,2
5926,4.25,8
5927,4.33,6
5928,3.5,4
5929,3.86,7
5930,2.5,2
5931,3.0,2
5932,5.0,2
5933,4.62,8
5934,4.33,3
5935,4.0,4
5936,3.0,2
5937,3.5,4
5938,5.0,4
5939,3.0,2
5940,4.89,9
5941,5.0,2
5942,1.0,3
5943,4.75,8
5944,5.0,5
5945,1.86,7
5946,4.52,64
5947,5.0,3
5948,3.67,46
5949,2.0,7
5950,4.33,6
5951,4.0,3
5952,3.26,31
5953,3.0,2
5954,5.0,2
5955,3.39,66
5956,3.0,2
5957,5.0,2
5958,3.0,2
5959,4.14,29
5960,4.12,33
5961,3.5,4
5962,4.39,195
5963,4.0,2
5964,5.0,3
5965,4.42,261
5966,4.0,4
5967,4.8,5
5968,4.0,2
5969,3.5,2
5970,4.1,10
5971,4.33,12
5972,4.0,4
5973,2.5,2
5974,4.5,2
5975,3.36,87
5976,4.0,3
5977,4.14,21
5978,3.5,2
5979,3.5,2
5980,1.5,2
5981,1.0,3
5982,1.0,2
5983,2.8,5
5984,5.0,3
5985,3.5,14
5986,4.14,14
5987,4.25,4
5988,4.4,340
5989,3.0,4
5990,4.14,7
5991,1.5,4
5992,5.0,2
5993,3.5,2
5994,3.17,6
5995,2.38,47
5996,3.0,2
5997,3.0,2
5998,4.0,2
5999,4.0,6
6000,4.4,5
6001,2.2,5
6002,3.0,8
6003,4.29,7
6004,4.67,3
6005,4.2,5
6006,2.76,17
6007,2.0,2
6008,1.0,3
6009,2.86,7
6010,4.5,4
6011,3.57,7
6012,3.33,9
6013,3.25,4
6014,3.7,50
6015,3.0,2
6016,2.67,3
6017,2.67,3
6018,1.0,2
6019,4.44,9
6020,2.22,9
6021,3.5,2
6022,3.64,69
6023,3.54,67
6024,4.0,2
6025,4.6,5
6026,4.5,6
6027,3.75,4
6028,1.0,2
6029,4.04,27
6030,5.0,4
6031,4.0,2
6032,4.2,5
6033,1.0,2
6034,3.3,10
6035,3.8,20
6036,3.5,2
6037,5.0,2
6038,4.24,25
6039,3.5,2
6040,2.57,7
6041,3.05,61
6042,4.75,4
6043,2.5,2
6044,3.13,270
6045,3.5,4
6046,5.0,2
6047,4.5,2
6048,2.86,21
6049,5.0,3
6050,3.88,8
6051,1.0,2
6052,2.67,3
6053,2.0,3
6054,3.73,11
6055,4.33,3
6056,4.0,6
6057,3.93,29
6058,1.75,4
6059,3.0,2
6060,4.5,2
6061,2.03,31
6062,3.44,43
6063,5.0,2
6064,5.0,3
6065,4.5,2
6066,2.0,6
6067,5.0,2
6068,4.15,40
6069,4.33,3
6070,3.86,29
6071,4.5,2
6072,4.5,8
6073,4.45,22
6074,2.17,6
6075,1.5,2
6076,1.0,2
6077,4.5,4
6078,5.0,4
6079,4.5,2
6080,4.6,5
6081,4.5,2
6082,4.0,4
6083,4.5,2
6084,1.76,80
6085,4.67,3
6086,3.44,9
6087,1.0,3
6088,4.0,2
6089,2.83,18
6090,4.67,3
6091,1.0,3
6092,2.54,37
6093,1.5,2
6094,5.0,2
6095,4.14,7
6096,4.52,31
6097,4.67,3
6098,1.5,2
6099,3.61,33
6100,3.92,36
6101,3.33,3
6102,3.7,10
6103,4.17,6
6104,4.33,24
6105,5.0,3
6106,5.0,3
6107,3.75,4
6108,2.56,9
6109,4.0,12
6110,3.92,12
6111,5.0,2
6112,2.0,2
6113,3.97,29
6114,2.75,4
6115,5.0,2
6116,2.92,12
6117,3.33,3
6118,2.67,3
6119,3.2,5
6120,3.83,6
6121,3.67,6
6122,4.0,3
6123,4.5,2
6124,3.45,11
6125,4.67,6
6126,4.33,3
6127,3.56,50
6128,3.0,2
6129,2.5,2
6130,4.0,2
6131,1.0,4
6132,4.0,5
6133,3.09,33
6134,2.32,37
6135,4.33,3
6136,3.0,2
6137,4.36,14
6138,3.0,2
6139,3.5,4
6140,2.0,8
6141,3.42,12
6142,2.75,73
6143,4.43,14
6144,2.6,5
6145,4.31,52
6146,3.75,4
6147,4.5,2
6148,4.8,5
6149,4.0,4
6150,2.57,7
6151,2.82,40
6152,4.43,143
6153,3.67,3
6154,3.7,10
6155,5.0,3
6156,4.08,80
6157,4.67,9
6158,3.54,13
6159,2.4,5
6160,3.0,67
6161,4.0,3
6162,3.5,2
6163,3.0,2
6164,3.5,8
6165,5.0,2
6166,5.0,2
6167,4.5,2
6168,2.69,13
6169,4.5,2
6170,5.0,7
6171,1.5,2
6172,5.0,3
6173,3.5,2
6174,4.5,2
6175,3.75,4
6176,3.64,14
6177,3.43,7
6178,4.5,2
6179,4.0,2
6180,4.0,2
6181,4.33,3
6182,3.14,7
6183,5.0,2
6184,5.0,3
6185,3.41,46
6186,4.0,5
6187,5.0,3
6188,3.78,9
6189,3.5,2
6190,3.75,4
6191,2.0,2
6192,3.5,2
6193,4.67,3
6194,3.5,4
6195,3.67,3
6196,3.0,2
6197,3.0,2
6198,1.0,3
6199,4.0,14
6200,2.4,5
6201,4.0,2
6202,3.7,30
6203,5.0,2
6204,4.5,8
6205,3.29,52
6206,2.33,3
6207,3.33,3
6208,4.0,3
6209,2.75,4
6210,5.0,2
6211,3.75,4
6212,5.0,2
6213,3.0,2
6214,1.75,4
6215,4.5,2
6216,4.22,9
6217,3.5,2
6218,2.4,5
6219,3.96,28
6220,1.0,2
6221,2.5,2
6222,3.67,6
6223,3.33,3
6224,1.33,3
6225,4.0,3
6226,3.0,2
6227,2.33,3
6228,3.67,3
6229,2.5,2
6230,2.0,2
6231,2.91,11
6232,4.32,256
6233,4.0,2
6234,3.33,3
6235,3.5,4
6236,3.25,4
6237,4.5,2
6238,3.18,11
6239,4.9,10
6240,4.75,4
6241,2.0,2
6242,4.33,6
6243,5.0,2
6244,4.14,7
6245,3.75,8
6246,4.33,3
6247,2.71,7
6248,3.62,8
6249,4.2,5
6250,4.5,2
6251,3.0,3
6252,3.75,4
6253,4.5,8
6254,3.25,4
6255,3.0,8
6256,2.67,3
6257,3.25,64
6258,4.43,35
6259,2.5,2
6260,1.0,2
6261,4.5,2
6262,5.0,2
6263,2.5,6
6264,3.2,5
6265,4.0,2
6266,3.0,3
6267,3.67,9
6268,4.57,7
6269,1.4,5
6270,4.33,3
6271,3.58,12
6272,4.2,5
6273,2.5,2
6274,3.27,15
6275,1.5,2
6276,3.92,25
6277,3.5,2
6278,2.63,86
6279,1.0,2
6280,4.25,20
6281,4.67,9
6282,4.5,6
6283,4.49,57
6284,4.33,3
6285,3.38,13
6286,5.0,2
6287,5.0,7
6288,3.0,2
6289,4.6,25
6290,4.58,12
6291,1.67,3
6292,3.0,2
6293,4.04,26
6294,2.33,3
6295,5.0,3
6296,4.5,2
6297,3.0,2
6298,2.33,3
6299,2.86,7
6300,3.0,8
6301,4.0,21
6302,4.25,4
6303,4.18,11
6304,4.0,2
6305,4.0,3
6306,4.0,7
6307,3.44,9
6308,3.6,47
6309,5.0,4
6310,2.67,3
6311,2.36,25
6312,4.17,6
6313,5.0,3
6314,4.67,3
6315,2.71,7
6316,4.5,2
6317,5.0,2
6318,3.5,4
6319,5.0,2
6320,3.2,5
6321,4.5,2
6322,4.11,9
6323,3.0,2
6324,2.5,2
6325,2.0,2
6326,4.38,37
6327,1.9,10
6328,4.5,2
6329,2.33,3
6330,4.0,3
6331,3.5,4
6332,4.62,16
6333,4.8,5
6334,2.4,5
6335,3.5,2
6336,4.19,154
6337,5.0,3
6338,2.87,15
6339,3.0,2
6340,2.2,5
6341,2.88,8
6342,4.5,2
6343,3.0,2
6344,2.5,2
6345,5.0,3
6346,3.8,5
6347,4.0,2
6348,4.27,200
6349,3.25,4
6350,2.5,2
6351,3.33,3
6352,4.0,2
6353,4.56,9
6354,5.0,2
6355,3.4,5
6356,3.86,7
6357,3.5,2
6358,2.11,9
6359,5.0,2
6360,4.75,12
6361,2.33,24
6362,4.67,3
6363,3.3,20
6364,3.5,10
6365,3.5,2
6366,4.6,5
6367,3.67,3
6368,3.45,11
6369,2.33,3
6370,4.25,4
6371,1.0,2
6372,2.93,14
6373,3.0,3
6374,4.5,2
6375,4.75,8
6376,5.0,6
6377,4.75,4
6378,2.9,10
6379,3.64,14
6380,3.62,8
6381,3.0,5
6382,3.0,2
6383,3.25,8
6384,4.0,3
6385,4.5,4
6386,3.93,14
6387,5.0,2
6388,5.0,3
6389,2.0,2
6390,3.33,3
6391,4.67,3
6392,2.33,3
6393,3.25,4
6394,3.5,2
6395,3.0,2
6396,3.4,5
6397,4.14,7
6398,1.0,2
6399,3.96,27
6400,3.68,25
6401,1.88,8
6402,2.0,2
6403,1.0,2
6404,4.07,14
6405,4.0,7
6406,5.0,3
6407,5.0,2
6408,4.8,20
6409,3.38,8
6410,3.75,4
6411,5.0,3
6412,3.43,14
6413,4.67,15
6414,1.67,6
6415,5.0,3
6416,2.5,4
6417,1.5,2
6418,3.67,3
6419,3.0,2
6420,4.33,3
6421,3.5,54
6422,5.0,4
6423,2.5,2
6424,3.96,50
6425,3.55,62
6426,4.67,3
6427,5.0,2
6428,3.0,2
6429,4.5,2
6430,3.33,3
6431,3.6,47
6432,5.0,2
6433,1.0,4
6434,4.5,2
6435,3.5,4
6436,4.0,2
6437,3.0,4
6438,3.85,13
6439,5.0,6
6440,4.17,6
6441,3.0,2
6442,3.67,6
6443,4.33,15
6444,4.27,11
6445,2.8,5
6446,5.0,2
6447,1.0,2
6448,2.33,3
6449,3.77,44
6450,4.07,150
6451,2.0,2
6452,1.83,6
6453,3.66,50
6454,2.67,3
6455,2.2,5
6456,3.2,30
6457,4.25,4
6458,4.0,7
6459,3.0,2
6460,2.33,3
6461,4.09,46
6462,3.6,10
6463,2.5,2
6464,4.33,3
6465,1.5,2
6466,3.68,72
6467,4.17,6
6468,3.73,30
6469,3.0,2
6470,1.0,3
6471,5.0,2
6472,3.0,2
6473,3.33,3
6474,2.5,2
6475,5.0,2
6476,3.0,5
6477,5.0,2
6478,4.58,26
6479,3.0,2
6480,3.12,50
6481,2.5,2
6482,3.4,5
6483,4.12,8
6484,4.4,5
6485,2.88,8
6486,1.0,2
6487,1.0,6
6488,2.92,12
6489,3.2,5
6490,3.0,2
6491,2.0,2
6492,3.83,6
6493,2.75,4
6494,2.62,8
6495,3.6,47
6496,2.33,3
6497,3.1,10
6498,4.19,47
6499,5.0,3
6500,2.2,5
6501,4.5,4
6502,2.6,5
6503,1.0,3
6504,3.57,44
6505,1.4,5
6506,3.17,6
6507,2.73,11
6508,3.0,2
6509,4.67,3
6510,3.73,11
6511,3.0,2
6512,4.8,5
6513,2.0,2
6514,2.0,4
6515,3.0,2
6516,5.0,2
6517,4.2,5
6518,4.6,5
6519,3.33,3
6520,3.75,4
6521,2.33,15
6522,4.67,3
6523,1.0,2
6524,2.29,34
6525,4.25,8
6526,3.6,5
6527,3.08,12
6528,3.5,4
6529,3.56,9
6530,3.4,25
6531,4.44,9
6532,3.25,4
6533,4.5,4
6534,4.0,4
6535,4.33,3
6536,3.0,2
6537,1.0,2
6538,4.6,5
6539,2.75,4
6540,2.5,2
6541,5.0,5
6542,5.0,2
6543,4.0,2
6544,4.5,4
6545,3.6,5
6546,4.4,5
6547,3.0,2
6548,1.0,2
6549,5.0,2
6550,3.17,6
6551,2.77,13
6552,3.17,6
6553,4.5,2
6554,1.4,5
6555,3.75,4
6556,3.0,2
6557,4.5,2
6558,3.0,5
6559,3.52,23
6560,1.5,4
6561,2.0,2
6562,5.0,4
6563,3.81,113
6564,2.5,2
6565,3.9,10
6566,3.95,38
6567,4.67,3
6568,3.43,14
6569,3.5,2
6570,5.0,3
6571,2.88,8
6572,3.0,2
6573,5.0,2
6574,3.56,43
6575,3.55,49
6576,5.0,2
6577,5.0,2
6578,4.12,8
6579,5.0,2
6580,3.0,3
6581,1.0,2
6582,3.2,10
6583,5.0,4
6584,2.57,14
6585,3.83,6
6586,3.0,2
6587,3.0,2
6588,3.74,54
6589,3.5,4
6590,3.75,4
6591,3.6,10
6592,2.5,2
6593,3.0,2
6594,2.5,4
6595,2.0,4
6596,3.92,13
6597,3.2,5
6598,4.0,6
6599,5.0,2
6600,2.5,16
6601,3.8,5
6602,4.0,3
6603,5.0,4
6604,4.33,3
6605,1.0,2
6606,5.0,2
6607,4.6,5
6608,4.0,2
6609,4.9,10
6610,3.75,8
6611,3.2,5
6612,3.71,106
6613,3.83,6
6614,3.67,12
6615,4.42,12
6616,2.29,7
6617,1.0,2
6618,4.43,7
6619,1.0,2
6620,4.5,2
6621,3.07,14
6622,3.0,3
6623,4.17,12
6624,4.14,7
6625,5.0,2
6626,3.75,8
6627,2.14,7
6628,3.0,4
6629,5.0,2
6630,3.33,3
6631,5.0,2
6632,1.33,3
6633,2.4,60
6634,4.0,16
6635,3.31,39
6636,3.0,2
6637,3.8,5
6638,4.46,13
6639,3.5,6
6640,3.29,7
6641,4.0,2
6642,1.94,16
6643,1.86,7
6644,5.0,3
6645,3.7,10
6646,5.0,2
6647,2.5,2
6648,4.0,2
6649,4.5,2
6650,5.0,2
6651,3.33,6
6652,3.5,12
6653,3.0,3
6654,4.0,2
6655,4.85,13
6656,4.5,2
6657,3.5,6
6658,4.5,2
6659,2.75,4
6660,4.5,2
6661,4.0,5
6662,5.0,2
6663,2.86,7
6664,3.0,4
6665,2.02,49
6666,3.88,8
6667,2.53,15
6668,4.67,9
6669,4.25,4
6670,3.33,6
6671,5.0,3
6672,4.35,48
6673,5.0,2
6674,2.33,3
6675,3.67,6
6676,3.0,2
6677,4.5,2
6678,4.5,4
6679,4.83,6
6680,4.5,2
6681,2.21,86
6682,4.8,10
6683,3.5,2
6684,2.71,7
6685,4.4,5
6686,4.07,27
6687,3.67,3
6688,3.67,6
6689,5.0,2
6690,4.33,9
6691,4.5,2
6692,3.75,4
6693,4.0,4
6694,4.44,16
6695,2.5,4
6696,3.08,12
6697,4.29,17
6698,3.5,2
6699,4.67,3
6700,4.0,3
6701,3.17,6
6702,4.33,3
6703,3.0,5
6704,5.0,5
6705,3.67,3
6706,5.0,3
6707,2.5,2
6708,5.0,2
6709,4.19,95
6710,3.93,15
6711,1.62,8
6712,3.0,2
6713,1.5,4
6714,4.67,9
6715,2.0,4
6716,2.8,5
6717,2.33,3
6718,3.0,2
6719,5.0,3
6720,2.33,3
6721,4.2,5
6722,2.65,17
6723,2.67,3
6724,3.56,9
6725,2.83,6
6726,3.59,27
6727,3.5,2
6728,3.5,2
6729,1.67,3
6730,2.17,6
6731,2.6,5
6732,2.75,4
6733,2.0,2
6734,4.31,51
6735,4.67,3
6736,5.0,2
6737,4.0,14
6738,3.82,55
6739,4.3,10
6740,4.38,13
6741,3.17,6
6742,4.0,2
6743,4.2,5
6744,4.75,4
6745,4.59,22
6746,5.0,2
6747,2.33,3
6748,3.33,3
6749,3.81,16
6750,4.67,3
6751,3.67,3
6752,2.77,35
6753,1.0,2
6754,4.33,3
6755,5.0,2
6756,3.94,18
6757,1.75,4
6758,4.4,5
6759,3.09,53
6760,3.73,15
6761,4.0,3
6762,4.44,36
6763,4.0,4
6764,1.0,2
6765,4.25,4
6766,5.0,2
6767,3.0,2
6768,4.67,3
6769,2.0,2
6770,3.5,2
6771,3.33,3
6772,1.0,2
6773,3.52,33
6774,4.08,13
6775,4.17,18
6776,3.33,3
6777,5.0,2
6778,4.0,12
6779,2.0,2
6780,3.43,7
6781,3.59,22
6782,4.0,3
6783,4.0,3
6784,2.33,3
6785,4.26,73
6786,3.0,4
6787,2.5,2
6788,2.36,11
6789,5.0,2
6790,2.67,3
6791,1.75,4
6792,2.42,12
6793,2.9,10
6794,3.5,2
6795,2.33,3
6796,3.83,6
6797,3.75,4
6798,3.38,8
6799,4.24,76
6800,3.69,13
6801,3.84,45
6802,3.43,35
6803,4.5,8
6804,5.0,3
6805,3.67,3
6806,2.75,4
6807,4.5,2
6808,4.6,5
6809,2.55,11
6810,3.0,4
6811,3.5,2
6812,1.0,2
6813,5.0,2
6814,3.7,61
6815,3.75,20
6816,4.5,8
6817,3.94,31
6818,3.33,3
6819,3.54,28
6820,3.67,3
6821,4.55,11
6822,2.67,15
6823,4.5,2
6824,5.0,5
6825,3.14,7
6826,3.67,3
6827,4.5,6
6828,5.0,2
6829,3.67,3
6830,4.67,9
6831,3.93,29
6832,3.0,2
6833,3.75,24
6834,3.75,4
6835,1.0,2
6836,4.08,24
6837,5.0,2
6838,2.79,19
6839,2.33,3
6840,3.27,55
6841,3.67,3
6842,3.83,6
6843,2.0,2
6844,2.62,8
6845,3.67,6
6846,3.0,2
6847,3.77,13
6848,3.79,14
6849,5.0,2
6850,3.97,94
6851,5.0,4
6852,3.8,5
6853,3.38,8
6854,4.45,11
6855,4.0,2
6856,4.0,4
6857,5.0,2
6858,3.4,10
6859,3.67,30
6860,4.33,3
6861,3.5,8
6862,4.0,2
6863,2.67,3
6864,3.96,46
6865,3.0,3
6866,4.48,81
6867,4.0,2
6868,3.57,7
6869,2.25,4
6870,3.5,12
6871,1.0,2
6872,3.0,2
6873,4.16,63
6874,3.0,2
6875,5.0,2
6876,4.0,3
6877,4.25,4
6878,5.0,3
6879,5.0,2
6880,3.0,2
6881,1.0,4
6882,4.25,4
6883,4.0,2
6884,3.67,3
6885,4.33,3
6886,4.67,3
6887,4.5,12
6888,3.85,93
6889,4.5,2
6890,4.62,21
6891,5.0,2
6892,5.0,2
6893,4.41,49
6894,3.0,2
6895,4.17,6
6896,2.67,3
6897,2.8,5
6898,3.0,2
6899,4.5,8
6900,2.0,2
6901,3.38,32
6902,4.75,4
6903,4.0,6
6904,2.0,2
6905,4.44,9
6906,3.5,6
6907,2.2,5
6908,3.57,21
6909,3.67,6
6910,3.6,5
6911,2.94,18
6912,2.5,2
6913,3.0,2
6914,4.72,29
6915,3.0,2
6916,5.0,2
6917,5.0,2
6918,3.5,2
6919,4.5,4
6920,4.0,2
6921,3.43,7
6922,2.11,9
6923,3.33,3
6924,3.12,8
6925,3.5,2
6926,2.0,6
6927,4.0,9
6928,5.0,3
6929,1.0,2
6930,3.67,3
6931,3.0,2
6932,2.67,3
6933,4.5,2
6934,4.17,12
6935,1.75,4
6936,3.5,10
6937,2.62,8
6938,3.77,13
6939,3.67,3
6940,1.0,2
6941,5.0,2
6942,4.75,4
6943,2.5,2
6944,2.71,7
6945,3.55,20
6946,4.25,8
6947,4.5,2
6948,3.92,13
6949,4.5,2
6950,4.34,38
6951,4.43,7
6952,5.0,2
6953,2.75,4
6954,1.0,2
6955,3.0,4
6956,3.91,34
6957,2.52,111
6958,2.25,4
6959,5.0,3
6960,3.43,30
6961,4.0,2
6962,4.67,3
6963,5.0,2
6964,2.67,9
6965,4.0,3
6966,3.12,17
6967,3.2,5
6968,2.67,3
6969,2.67,9
6970,4.0,3
6971,2.94,16
6972,3.33,15
6973,3.5,2
6974,4.67,12
6975,5.0,6
6976,5.0,2
6977,5.0,2
6978,2.43,7
6979,4.5,2
6980,3.0,2
6981,2.5,2
6982,4.19,70
6983,5.0,2
6984,1.4,5
6985,4.5,2
6986,2.8,5
6987,3.56,18
6988,4.5,2
6989,4.0,4
6990,3.0,2
6991,4.0,2
6992,3.85,20
6993,2.5,12
6994,3.0,2
6995,2.5,2
6996,2.5,6
6997,5.0,2
6998,4.0,5
6999,2.5,2
7000,3.0,78
7001,3.96,45
7002,4.17,6
7003,3.89,9
7004,1.0,2
7005,4.5,4
7006,5.0,4
7007,3.0,2
7008,2.5,2
7009,2.62,8
7010,3.0,2
7011,3.0,2
7012,3.25,4
7013,4.5,2
7014,4.57,23
7015,3.0,2
7016,3.82,11
7017,4.5,4
7018,4.5,2
7019,4.5,2
7020,2.5,2
7021,3.0,2
7022,3.25,8
7023,4.62,13
7024,3.4,5
7025,3.0,3
7026,4.5,6
7027,3.17,6
7028,2.29,7
7029,3.0,2
7030,3.0,2
7031,3.6,5
7032,5.0,2
7033,4.67,3
7034,3.5,4
7035,3.33,46
7036,3.6,5
7037,4.88,24
7038,2.0,2
7039,2.81,26
7040,2.5,2
7041,3.5,4
7042,3.2,5
7043,5.0,2
7044,4.0,11
7045,4.0,2
7046,4.5,2
7047,4.42,12
7048,5.0,2
7049,1.0,2
7050,3.71,7
7051,2.55,102
7052,3.86,7
7053,2.0,6
7054,3.55,11
7055,3.0,2
7056,4.47,15
7057,3.0,2
7058,3.0,2
7059,3.89,9
7060,5.0,2
7061,5.0,2
7062,4.6,15
7063,4.44,18
7064,5.0,2
7065,2.0,2
7066,4.67,3
7067,3.57,46
7068,3.67,15
7069,2.14,7
7070,4.57,7
7071,5.0,2
7072,5.0,2
7073,4.25,8
7074,3.23,13
7075,2.15,33
7076,5.0,2
7077,3.84,31
7078,1.5,4
7079,3.19,21
7080,3.5,2
7081,3.0,2
7082,3.67,3
7083,3.71,7
7084,4.27,30
7085,3.9,20
7086,2.17,6
7087,4.15,61
7088,4.0,5
7089,4.07,14
7090,3.83,6
7091,1.92,63
7092,4.17,6
7093,4.14,7
7094,4.0,2
7095,2.5,2
7096,5.0,2
7097,4.0,2
7098,5.0,2
7099,4.71,7
7100,3.84,44
7101,3.5,14
7102,5.0,2
7103,2.42,12
7104,5.0,2
7105,1.5,2
7106,4.33,6
7107,3.5,2
7108,2.5,2
7109,1.5,4
7110,1.43,7
7111,3.29,7
7112,1.83,6
7113,2.82,33
7114,3.5,2
7115,4.5,2
7116,1.88,8
7117,3.0,2
7118,4.5,2
7119,3.82,121
7120,3.25,4
7121,2.67,3
7122,3.17,18
7123,4.19,27
7124,4.74,23
7125,2.0,3
7126,3.5,4
7127,2.32,60
7128,4.0,4
7129,2.75,4
7130,3.52,65
7131,3.0,2
7132,2.0,4
7133,2.75,4
7134,5.0,2
7135,2.6,70
7136,4.55,11
7137,2.0,4
7138,4.25,4
7139,2.91,11
7140,2.17,24
7141,3.5,2
7142,4.25,32
7143,3.0,4
7144,3.75,4
7145,3.27,97
7146,2.75,4
7147,4.28,39
7148,5.0,3
7149,3.67,6
7150,4.5,2
7151,2.29,34
7152,4.45,293
7153,1.5,4
7154,3.0,2
7155,4.25,4
7156,4.46,26
7157,4.5,4
7158,2.5,2
7159,3.75,4
7160,3.67,3
7161,1.0,2
7162,4.0,4
7163,2.4,15
7164,1.5,2
7165,4.5,8
7166,3.33,3
7167,3.25,16
7168,2.5,2
7169,5.0,2
7170,2.0,2
7171,3.65,23
7172,3.57,7
7173,4.65,26
7174,5.0,4
7175,3.95,19
7176,3.5,2
7177,4.31,13
7178,5.0,2
7179,4.4,5
7180,4.0,5
7181,1.67,3
7182,5.0,3
7183,2.85,26
7184,5.0,2
7185,3.5,2
7186,3.79,53
7187,5.0,2
7188,3.9,10
7189,3.5,26
7190,4.0,2
7191,2.33,3
7192,5.0,2
7193,3.67,3
7194,5.0,2
7195,4.0,2
7196,5.0,2
7197,2.67,18
7198,4.33,6
7199,4.83,6
7200,1.5,2
7201,3.5,2
7202,3.0,2
7203,1.5,2
7204,4.56,32
7205,2.14,7
7206,1.5,2
7207,5.0,2
7208,5.0,3
7209,4.33,3
7210,2.87,15
7211,3.67,6
7212,3.91,11
7213,2.82,11
7214,4.14,14
7215,2.33,3
7216,3.0,6
7217,4.42,72
7218,4.32,19
7219,4.0,2
7220,4.0,2
7221,3.38,13
